date,time,ratio,direct,diffuse
2018-04-06,09:00:02,1.905862722152644,254.76255338469616,133.67308695609808
2018-04-06,09:00:25,1.9031598663072427,254.7758615858784,133.8699213325823
2018-04-06,09:00:48,1.904014168305872,254.78546872379675,133.81490167717413
2018-04-06,09:01:12,1.9028005300854267,254.78910967022242,133.90216454206242
2018-04-06,09:01:35,1.9018338888238353,254.80323035866482,133.97764749909078
2018-04-06,09:01:57,1.8983485847086228,254.80056470325124,134.22222175405184
2018-04-06,09:02:24,1.8996527073897203,254.8179765827666,134.139243237206
2018-04-06,09:02:49,1.8998610588847142,254.81496748318455,134.12294877645945
2018-04-06,09:03:12,1.895829465860779,254.81269810511162,134.4069720898746
2018-04-06,09:03:34,1.8943961390852224,254.81734744501406,134.51112055584204
2018-04-06,09:03:57,1.8933868044926876,254.8102943379779,134.57910118173214
2018-04-06,09:04:20,1.8940358594163529,254.78787756529223,134.52114768503122
2018-04-06,09:04:44,1.8995293792918924,254.77941156614142,134.1276499030082
2018-04-06,09:05:06,1.8922004742626104,254.75249039239483,134.6329280948266
2018-04-06,09:05:29,1.888254029927812,254.73208457499646,134.9035037328822
2018-04-06,09:05:52,1.8872362548746495,254.73519340240694,134.97790366438593
2018-04-06,09:06:16,1.8888447669406276,254.75745572671067,134.87474470405672
2018-04-06,09:06:39,1.8880218358194214,254.81925099634333,134.9662626575233
2018-04-06,09:07:02,1.8880006941143663,254.82219049725535,134.96933093914393
2018-04-06,09:07:29,1.9052516253836373,254.8585494069869,133.76634666597863
2018-04-06,09:07:55,1.8833033881824421,254.80255627984536,135.29554392495032
2018-04-06,09:08:18,1.883703287342935,254.8074610832611,135.26942528336338
2018-04-06,09:08:40,1.8823990153590628,254.82521919154337,135.37258419301506
2018-04-06,09:09:03,1.8807355583073138,254.8397263215429,135.50003092986765
2018-04-06,09:09:29,1.8789242506783304,254.83084286830368,135.62592679098398
2018-04-06,09:09:52,1.8746661955586819,254.82677313945752,135.9318121504372
2018-04-06,09:10:16,1.8750729259599126,254.8232374179759,135.90044093219646
2018-04-06,09:10:45,1.8721473921434797,254.82908087973377,136.11592866519555
2018-04-06,09:11:10,1.8708577298356925,254.83065221642428,136.21059910247942
2018-04-06,09:11:50,1.8704774081835496,254.83981025553953,136.24319071729315
2018-04-06,09:12:22,1.871183635870651,254.83709576278778,136.190318725299
2018-04-06,09:12:44,1.8777365358756495,254.83745357474467,135.715234116114
2018-04-06,09:13:07,1.8670020920470025,254.84022662889518,136.49702253385556
2018-04-06,09:13:32,1.8924768298480414,254.87559142777624,134.678315426584
2018-04-06,09:14:01,1.8853519132049958,254.8352494202398,135.16587944954728
2018-04-06,09:14:23,1.8765045165469356,254.82149610746825,135.79583414825987
2018-04-06,09:14:50,1.903402995349431,254.86799599771297,133.9012267083901
2018-04-06,09:15:13,1.8794123948849208,254.82892180201512,135.5896781864199
2018-04-06,09:15:39,1.882663459816865,254.82303251210558,135.3524078790446
2018-04-06,09:16:01,1.8831280468479243,254.82941694607035,135.3224053842843
2018-04-06,09:16:26,1.9010451093073883,254.84395728970387,134.05466079789747
2018-04-06,09:16:57,1.9199200553618547,254.8478593816783,132.73878704998793
2018-04-06,09:17:21,1.892485266550653,254.85294336977435,134.6657476675014
2018-04-06,09:17:44,1.8737021825057005,254.8242443694008,136.0003989687542
2018-04-06,09:18:06,1.8860115958905437,254.86195151569,135.13275956044606
2018-04-06,09:18:29,1.871870582935874,254.83352076361842,136.1384291663653
2018-04-06,09:18:52,1.8557380485602475,254.81517393561785,137.31203826602209
2018-04-06,09:19:16,1.848888995103778,254.82979677609492,137.82860812679095
2018-04-06,09:19:38,1.8451020345601594,254.83108437652413,138.1121908725614
2018-04-06,09:20:01,1.8438376053376815,254.8352982902429,138.20918802855863
2018-04-06,09:20:24,1.8395818019025163,254.830304039587,138.52621491256252
2018-04-06,09:20:48,1.8361810114482608,254.83897789732194,138.78750314290716
2018-04-06,09:21:11,1.8353749781439155,254.84126467132737,138.84969976491897
2018-04-06,09:21:33,1.8318853921594835,254.83758787397528,139.11218953144487
2018-04-06,09:21:56,1.8373715720199033,254.83565482375744,138.69576448470104
2018-04-06,09:22:19,1.820178326897867,254.8396024755744,140.00804136037482
2018-04-06,09:22:50,1.8190574877778987,254.8109528388381,140.07855966669138
2018-04-06,09:23:14,1.8212976852749616,254.80800828212665,139.9046461993709
2018-04-06,09:23:45,1.815339419979632,254.80723011773054,140.3634093510675
2018-04-06,09:24:09,1.824399273887232,254.82549270364703,139.67638353675318
2018-04-06,09:24:36,1.8391904207638294,254.83381788580067,138.55760393747934
2018-04-06,09:25:06,1.830647428016233,254.81623262653574,139.19459789297898
2018-04-06,09:25:28,1.8311661282045772,254.83530919577058,139.16558703804316
2018-04-06,09:25:59,1.838080814887407,254.82039753904402,138.63394660079362
2018-04-06,09:26:30,1.83949989372763,254.8240697689031,138.52899401506258
2018-04-06,09:26:56,1.8370110345290722,254.8198103915292,138.7143602307504
2018-04-06,09:27:18,1.8356542346311528,254.81415367774198,138.8138075626988
2018-04-06,09:27:41,1.8335224505763879,254.82779715006214,138.98264352855577
2018-04-06,09:28:04,1.8310692722551853,254.82538034723464,139.16752588687487
2018-04-06,09:28:27,1.8301356925369976,254.82366682873032,139.23758105361298
2018-04-06,09:28:50,1.8282074246768396,254.83781462483597,139.3921779252603
2018-04-06,09:29:13,1.8238314881631952,254.8413883385225,139.72858237861473
2018-04-06,09:29:39,1.8200227887497538,254.86940642507625,140.0363819620941
2018-04-06,09:30:02,1.8184146035948432,254.8880195197485,140.1704644341602
2018-04-06,09:30:25,1.8153997968446745,254.89547850532975,140.40735211514325
2018-04-06,09:30:47,1.8124632343869427,254.8676801602734,140.6195035158775
2018-04-06,09:31:10,1.811223093427039,254.83706134161258,140.698880367869
2018-04-06,09:31:33,1.8112866380601673,254.8382209421342,140.69458449440015
2018-04-06,09:31:57,1.8130461705258816,254.84031501340482,140.55919764000677
2018-04-06,09:32:30,1.8183671143625266,254.83634485676598,140.1457070158823
2018-04-06,09:32:53,1.8159832045900373,254.8494452852372,140.33689554016007
2018-04-06,09:33:21,1.8120104539606634,254.8577997964364,140.6491884411441
2018-04-06,09:33:52,1.8122379128177126,254.8543334874778,140.62962246012387
2018-04-06,09:34:17,1.8139106300954186,254.85376105366876,140.4996237550372
2018-04-06,09:34:43,1.8139172281015008,254.8634815631508,140.5044715463111
2018-04-06,09:35:07,1.8175396835015414,254.86920794339193,140.22758911782284
2018-04-06,09:35:51,1.8096026413858597,254.86312405045402,140.83927499977042
2018-04-06,09:36:13,1.8040242556058053,254.8595869348869,141.27281611815306
2018-04-06,09:36:36,1.7986283876141789,254.85071666440479,141.69170153177436
2018-04-06,09:36:59,1.778947528496242,254.79437547693053,143.22759462855555
2018-04-06,09:37:22,1.7783020403061902,254.78090696821405,143.27200958749705
2018-04-06,09:37:48,1.7883354598718566,254.79899448646356,142.47829906852107
2018-04-06,09:38:10,1.7882245033812392,254.77615246755832,142.4743660462198
2018-04-06,09:38:33,1.7940206107278294,254.80430332220553,142.02975250035288
2018-04-06,09:38:56,1.7898275706528894,254.75721422491952,142.33617718381092
2018-04-06,09:39:19,1.7966319243205366,254.77503654192742,141.80702963868356
2018-04-06,09:39:41,1.7938800739198728,254.77681484572187,142.0255559720889
2018-04-06,09:40:05,1.787510626402862,254.77405529746645,142.53009270784972
2018-04-06,09:40:28,1.7867254520672349,254.7837252512578,142.5981394939407
2018-04-06,09:40:51,1.7990249249947021,254.78735691016277,141.62525119595722
2018-04-06,09:41:14,1.7908753361619907,254.74795113315994,142.24772991687297
2018-04-06,09:41:36,1.7919721899809788,254.77314662531523,142.17472126507698
2018-04-06,09:41:59,1.7958982500370113,254.81184981405065,141.88546027526854
2018-04-06,09:42:22,1.8021526223257045,254.82688101926163,141.40138735331072
2018-04-06,09:42:45,1.8064946113066165,254.80999600199408,141.05217608022255
2018-04-06,09:43:08,1.8101794831212468,254.8208660934565,140.77104976025655
2018-04-06,09:43:39,1.8213871078017925,254.816549066756,139.90246662846465
2018-04-06,09:44:07,1.830052371788981,254.8324814172695,139.24873700098328
2018-04-06,09:44:52,1.8385049991738267,254.85894743392294,138.62292871025616
2018-04-06,09:45:15,1.8441761769852427,254.85655689923794,138.19534168143488
2018-04-06,09:45:37,1.8457427331284397,254.85495163969128,138.07718002374315
2018-04-06,09:46:00,1.8470982034651078,254.84948405487856,137.97289368631706
2018-04-06,09:46:23,1.8475607721210816,254.83313997477933,137.92950349461015
2018-04-06,09:46:46,1.8490387628015508,254.82970306008514,137.81739365700625
2018-04-06,09:47:09,1.8509588257511622,254.84610062893083,137.68328991624563
2018-04-06,09:47:31,1.8516553456740006,254.82550966587934,137.6203785770527
2018-04-06,09:47:54,1.8570090989665602,254.8147230609604,137.2178107273501
2018-04-06,09:48:17,1.8636852487562379,254.8210081425058,136.72963732076806
2018-04-06,09:48:40,1.8767853951870943,254.82385034106497,135.77676541737043
2018-04-06,09:49:03,1.8806718988474043,254.82657330112949,135.4976237254906
2018-04-06,09:49:25,1.8876002737377011,254.82636140440317,135.00017188480953
2018-04-06,09:49:48,1.8834250355962336,254.81322127362722,135.2924679547765
2018-04-06,09:50:11,1.9012112978485423,254.82530421390018,134.03313166835628
2018-04-06,09:50:34,1.8965288448196183,254.80601234161702,134.35388184979175
2018-04-06,09:50:57,1.8966712636802678,254.81787842835237,134.3500496411319
2018-04-06,09:51:19,1.8967684086710848,254.84176460568898,134.355761852991
2018-04-06,09:51:42,1.9039628696333906,254.84274755405062,133.84859107211517
2018-04-06,09:52:05,1.8888448416564785,254.85721851340767,134.9275561935003
2018-04-06,09:52:27,1.8808441612738116,254.8148958855553,135.4790051893404
2018-04-06,09:52:50,1.8859048220228514,254.81353564143404,135.1147378519967
2018-04-06,09:53:13,1.879303574465005,254.82328368168265,135.59452934804588
2018-04-06,09:53:36,1.8895075210329886,254.82534322528028,134.86336539479237
2018-04-06,09:53:58,1.8756207983264785,254.8234925649545,135.860880190879
2018-04-06,09:54:21,1.8786273867121972,254.85464957731116,135.66003103113204
2018-04-06,09:54:44,1.879098917551683,254.87876610698945,135.63882333511015
2018-04-06,09:55:07,1.8912915316016792,254.87649471334385,134.76319776967247
2018-04-06,09:55:29,1.8843613376160617,254.88060488983822,135.26100318545704
2018-04-06,09:55:52,1.881647105874157,254.8869393002328,135.4594804225099
2018-04-06,09:56:15,1.882773001765859,254.88113986417505,135.37539556023015
2018-04-06,09:56:38,1.8808287127242462,254.8798475516139,135.51465150829105
2018-04-06,09:57:00,1.8797853203827912,254.87058095387655,135.58494057288192
2018-04-06,09:57:23,1.879679463814168,254.85977838482552,135.58682918611802
2018-04-06,09:57:46,1.8792159388519016,254.8557342504423,135.6181208244462
2018-04-06,09:58:09,1.8714413224729063,254.85031850269274,136.17863164736352
2018-04-06,09:58:31,1.8667466269838753,254.8393489792323,136.5152320596284
2018-04-06,09:58:56,1.8634741833384918,254.84019481621206,136.75542011516103
2018-04-06,09:59:19,1.8571108404750796,254.83699615649945,137.2222866844652
2018-04-06,09:59:46,1.855821638933656,254.83088625863158,137.31431992842582
2018-04-06,10:00:08,1.8510678141536734,254.80070840513116,137.6506611248214
2018-04-06,10:00:34,1.84944775358643,254.82434995076767,137.78402199068069
2018-04-06,10:00:57,1.8492048052702863,254.83620839231085,137.8085367645706
2018-04-06,10:01:20,1.8476944898104015,254.83563428214984,137.92087149012357
2018-04-06,10:01:42,1.842845309225081,254.83491551994425,138.28340026385757
2018-04-06,10:02:05,1.8414260185333498,254.83575203126517,138.39043733846856
2018-04-06,10:02:31,1.8388958246389557,254.84455899198167,138.5856423063102
2018-04-06,10:02:58,1.8378159726967338,254.8252124720896,138.6565446474871
2018-04-06,10:03:23,1.8375069121168042,254.82454566625552,138.67950318222105
2018-04-06,10:03:49,1.8407451148385163,254.82223851111567,138.43428753766952
2018-04-06,10:04:17,1.835108163791928,254.81039386739278,138.8530653914546
2018-04-06,10:04:39,1.835228004493413,254.81137447202698,138.8445325856739
2018-04-06,10:05:04,1.8392095655566427,254.82661748991762,138.5522467162645
2018-04-06,10:05:40,1.8461646143493826,254.8319946628745,138.03319199283933
2018-04-06,10:06:02,1.844301961611253,254.84127486324695,138.1776304356407
2018-04-06,10:06:26,1.8409492356030237,254.838548273432,138.42779765187646
2018-04-06,10:07:00,1.86022220830475,254.82162941600578,136.9845109247614
2018-04-06,10:07:27,1.8683615100289204,254.80877185482836,136.3808719496069
2018-04-06,10:07:54,1.8692972022189693,254.8270604147881,136.32238903064365
2018-04-06,10:08:20,1.8708048749173296,254.82945869762554,136.21380942194006
2018-04-06,10:08:44,1.8802783595374202,254.82334034435976,135.52426376222857
2018-04-06,10:09:07,1.8853800820155968,254.83425298468666,135.16333147651156
2018-04-06,10:09:33,1.9040295349856466,254.80979556637752,133.82659821413873
2018-04-06,10:09:56,1.90291959526606,254.79404951617408,133.89638224864126
2018-04-06,10:10:22,1.9071320731665597,254.7964795648561,133.6019057882015
2018-04-06,10:10:46,1.9059488991535565,254.8027144817844,133.68811440587092
2018-04-06,10:11:09,1.8974367667382708,254.7713537196802,134.27132760668326
2018-04-06,10:11:33,1.9011523882703167,254.7564617102158,134.0010739181172
2018-04-06,10:11:56,1.902165416474431,254.74446342779333,133.92340183534066
2018-04-06,10:12:18,1.9064052563186262,254.7338724499173,133.62000110187614
2018-04-06,10:12:42,1.9044444576738906,254.75504036993158,133.76869004680356
2018-04-06,10:13:06,1.9119524396786842,254.78334633083196,133.25820299884128
2018-04-06,10:13:29,1.9183037227767032,254.79015435535442,132.82054938961969
2018-04-06,10:13:53,1.9259517704832594,254.80598383280758,132.3013316002569
2018-04-06,10:14:16,1.9336962898335446,254.82767337548094,131.7826768946311
2018-04-06,10:14:39,1.936266128439339,254.84065958686205,131.61447997454133
2018-04-06,10:15:03,1.9359446632388746,254.84174866914017,131.63689722555642
2018-04-06,10:15:28,1.9342407963452999,254.84320732116814,131.7536098931881
2018-04-06,10:15:51,1.934795243798688,254.84273893152672,131.71561163814948
2018-04-06,10:16:13,1.939491323064383,254.85120842735728,131.4010562443219
2018-04-06,10:16:38,1.9495592050122994,254.85023225472665,130.7219763316287
2018-04-06,10:17:02,1.952749434827558,254.8487442097167,130.50765226938688
2018-04-06,10:17:32,1.963033346651391,254.8491292563631,129.8241467426386
2018-04-06,10:17:54,1.9656387946969514,254.84644651744284,129.6507004262364
2018-04-06,10:18:17,1.9666794692258045,254.86098371967142,129.58948710640632
2018-04-06,10:18:40,1.9720287334713864,254.85359437826463,129.2342195895101
2018-04-06,10:19:02,1.9663903589404947,254.864392070887,129.61027341906302
2018-04-06,10:19:25,1.95895382806165,254.86507705728408,130.10264632396596
2018-04-06,10:19:48,1.95645999471687,254.851395588001,130.2614907926507
2018-04-06,10:20:13,1.9502838850990796,254.84109643460124,130.6687187345829
2018-04-06,10:20:36,1.942064407676018,254.8298657509556,131.2159703580064
2018-04-06,10:20:59,1.930987718001381,254.80946218436813,131.95809575013874
2018-04-06,10:21:22,1.9259449802363073,254.80124984038997,132.29934004092198
2018-04-06,10:21:46,1.9253388588304468,254.80890975604413,132.3449680493275
2018-04-06,10:22:11,1.9122480866181006,254.7904885570524,133.24133533722667
2018-04-06,10:22:34,1.9009148411820678,254.8108783741662,134.04644587640456
2018-04-06,10:22:56,1.8905673411544799,254.81811995422066,134.78394258022848
2018-04-06,10:23:20,1.8837530017651627,254.80397595359116,135.26400526758454
2018-04-06,10:23:43,1.884128839717967,254.8187200586655,135.24484880599195
2018-04-06,10:24:06,1.879782522598615,254.81099227061407,135.55344259630783
2018-04-06,10:24:30,1.8765645203096906,254.82646580501583,135.7941403277526
2018-04-06,10:24:52,1.8861263718447567,254.8327839023267,135.10907206768087
2018-04-06,10:25:16,1.8898393710368506,254.85181885586522,134.85369326179404
2018-04-06,10:25:40,1.896317379306867,254.8504383733104,134.39229168825216
2018-04-06,10:26:03,1.8930662451933398,254.83895563492922,134.61703006008773
2018-04-06,10:26:28,1.9034925316810198,254.83514434427988,133.87766965349155
2018-04-06,10:26:50,1.883238783924064,254.81714956639345,135.30793425751165
2018-04-06,10:27:13,1.8852209917367238,254.81126586421325,135.162544328277
2018-04-06,10:27:36,1.8810614146200975,254.79413623242522,135.45232189236305
2018-04-06,10:27:58,1.8764239123855664,254.82492009258237,135.80349216964206
2018-04-06,10:28:22,1.8774478589531247,254.8211090021692,135.7273959897128
2018-04-06,10:28:46,1.8760190249656437,254.8241378601246,135.8323846767979
2018-04-06,10:29:09,1.8745461097537137,254.79179104477612,135.92185848031863
2018-04-06,10:29:34,1.87581696638498,254.805135985364,135.8368863015548
2018-04-06,10:29:57,1.8714847810470892,254.82096229411633,136.15978333072252
2018-04-06,10:30:19,1.865232106201896,254.83369652974758,136.62304851092026
2018-04-06,10:30:43,1.8582300090546326,254.81527831434417,137.12795352173893
2018-04-06,10:31:10,1.8598775757001345,254.80025878315658,136.99840361118353
2018-04-06,10:31:38,1.8529143456329138,254.83687371496592,137.53300270764507
2018-04-06,10:32:01,1.849140726622029,254.8325549231342,137.811336505825
2018-04-06,10:32:24,1.8505434792970665,254.82246973170018,137.7014226266627
2018-04-06,10:32:48,1.8459146887198792,254.82536691739145,138.04829035414954
2018-04-06,10:33:11,1.844062360618644,254.82791108865877,138.18833708159923
2018-04-06,10:33:34,1.8470399391774448,254.83598911975977,137.96993974762
2018-04-06,10:33:57,1.8462866765143084,254.81586573967962,138.01533043652705
2018-04-06,10:34:19,1.8414452583053296,254.81812703508834,138.37942012438418
2018-04-06,10:34:42,1.8492865218612007,254.84446765176548,137.80691344426128
2018-04-06,10:35:05,1.845243576319696,254.85663141631815,138.11544160724026
2018-04-06,10:35:28,1.8372356900587912,254.8604709539247,138.7195297440413
2018-04-06,10:35:52,1.8353412674040266,254.8575930847494,138.861146758406
2018-04-06,10:36:16,1.8258859601154327,254.8572344438793,139.5800395046398
2018-04-06,10:36:41,1.8270253659167972,254.84530634891277,139.48646313458926
2018-04-06,10:37:04,1.8277809565830117,254.85535091182655,139.43429599369057
2018-04-06,10:37:27,1.8264510515323027,254.86464006500353,139.54090904937453
2018-04-06,10:37:49,1.817725623472126,254.857991756923,140.207074415393
2018-04-06,10:38:12,1.815847779342537,254.8643024635316,140.35554376469275
2018-04-06,10:38:35,1.8156394374301639,254.85741355876763,140.36785515051932
2018-04-06,10:38:58,1.8107017962373404,254.8592713640296,140.75165325048562
2018-04-06,10:39:21,1.8002031490956931,254.85726112843776,141.57138946038492
2018-04-06,10:39:46,1.7960472766248965,254.85044206714377,141.89517468941835
2018-04-06,10:40:09,1.792191981416662,254.8459904438104,142.19793029224692
2018-04-06,10:40:32,1.7919730226757355,254.8466324274761,142.21566351872005
2018-04-06,10:40:55,1.785926127613161,254.8259284062196,142.6855929067946
2018-04-06,10:41:17,1.7841029012827663,254.82794668230412,142.8325386944236
2018-04-06,10:41:40,1.776705689974591,254.81833483584577,143.42180377634182
2018-04-06,10:42:03,1.7687720189723835,254.60492739097126,143.94445675304777
2018-04-06,10:42:25,1.7602557128126946,254.8214456092992,144.7638793355328
2018-04-06,10:42:48,1.7588578961014931,254.805540395365,144.86988457688437
2018-04-06,10:43:11,1.7553667807237674,254.80193504342375,145.15595136098258
2018-04-06,10:43:33,1.7509034007241366,254.81327508916593,145.53245769228647
2018-04-06,10:43:57,1.74833989688098,254.807349219005,145.74245527061336
2018-04-06,10:44:21,1.7524914703594758,254.7995313734002,145.39273695930459
2018-04-06,10:44:44,1.7561105485879887,254.81141853224457,145.0998735456189
2018-04-06,10:45:07,1.7497937794147154,254.79352605052316,145.6134597390948
2018-04-06,10:45:29,1.7514104341417607,254.79917963615534,145.4822779795839
2018-04-06,10:45:56,1.7496651949952216,254.79492673945842,145.62496154594552
2018-04-06,10:46:20,1.7483824043047547,254.80285181918296,145.73633959700337
2018-04-06,10:46:42,1.745553260789294,254.80364544976328,145.97299960618082
2018-04-06,10:47:05,1.74789629415767,254.80782750365393,145.7797172265581
2018-04-06,10:47:29,1.7472260350144617,254.80392166846576,145.8334048155119
2018-04-06,10:47:52,1.7468209149976655,254.81180024611163,145.87173651195502
2018-04-06,10:48:15,1.7500617162099008,254.8073499842296,145.5990652352904
2018-04-06,10:48:37,1.749997917977863,254.77982220187337,145.58864304037203
2018-04-06,10:49:00,1.7514791911738663,254.78083335627312,145.4660921124135
2018-04-06,10:49:29,1.7514601540676513,254.77190205210667,145.4625738760974
2018-04-06,10:49:54,1.7522066568963006,254.79024302048163,145.41106896134835
2018-04-06,10:50:17,1.753915983585767,254.80970999178115,145.28045378253483
2018-04-06,10:50:39,1.7550475673346637,254.80394476703458,145.1834978774948
2018-04-06,10:51:12,1.7579429169009784,254.81749352772326,144.95208637202674
2018-04-06,10:51:35,1.760181414402093,254.83843768248607,144.7796435056956
2018-04-06,10:51:58,1.7651731011511285,254.84554244282617,144.37424991159952
2018-04-06,10:52:25,1.7644891302756542,254.85118303137148,144.43341058811612
2018-04-06,10:52:48,1.7681993320353604,254.85132362407467,144.13042636472287
2018-04-06,10:53:12,1.7697960469669103,254.85610240564998,144.0030916796454
2018-04-06,10:53:35,1.773504988022755,254.8727029750136,143.71129751327402
2018-04-06,10:53:58,1.7726100445334594,254.86758878857736,143.78096839435264
2018-04-06,10:54:27,1.7713535086737109,254.87346780033795,143.8862804924652
2018-04-06,10:54:52,1.77180066030712,254.8654052530103,143.84541724283616
2018-04-06,10:55:21,1.771107216174805,254.86858392816026,143.9035319830153
2018-04-06,10:55:47,1.776614947345318,254.86816793784033,143.45717867491405
2018-04-06,10:56:13,1.7798676726072287,254.857356235997,143.18893486203427
2018-04-06,10:56:38,1.7863397874314293,254.8628911392405,142.67324331711092
2018-04-06,10:57:01,1.786062553378936,254.86000255140007,142.6937718778365
2018-04-06,10:57:32,1.774685354974421,254.83095299636489,143.59218792338422
2018-04-06,10:57:58,1.7748267195707579,254.8561113424136,143.5949259339811
2018-04-06,10:58:23,1.767169239628153,254.87833325997698,144.229724886796
2018-04-06,10:58:45,1.762124141719642,254.88286317454447,144.64523647341125
2018-04-06,10:59:08,1.7635286398107546,254.88268604719437,144.52993860907526
2018-04-06,10:59:31,1.7721389617591174,254.88837003603064,143.83091593619451
2018-04-06,10:59:54,1.769978942466912,254.87067515036648,143.9964448363097
2018-04-06,11:00:16,1.7573626461274827,254.87483037156704,145.0325753385098
2018-04-06,11:00:39,1.7595800230075056,254.87898628472448,144.85217094536046
2018-04-06,11:01:02,1.7560780693410303,254.85734003441317,145.12870725049746
2018-04-06,11:01:25,1.7482326148513856,254.85688797577853,145.77973538003323
2018-04-06,11:01:48,1.7482734298239226,254.85101335885804,145.77297178538333
2018-04-06,11:02:10,1.743764679084032,254.84988014676867,146.1492386006102
2018-04-06,11:02:34,1.7412353353509868,254.84840757516318,146.36069140176994
2018-04-06,11:02:56,1.73990188348354,254.8507177439905,146.47418924206335
2018-04-06,11:03:19,1.7358563109195742,254.85234114330038,146.81649600841197
2018-04-06,11:03:42,1.7222335388546552,254.81931240420997,147.9586285223975
2018-04-06,11:04:05,1.7239891807277588,254.82377954653705,147.81054451801526
2018-04-06,11:04:27,1.7228834401926767,254.829727493223,147.9088611268586
2018-04-06,11:04:50,1.7193468032753552,254.8054133138259,148.19896301806108
2018-04-06,11:05:13,1.7132974955310505,254.7846566047308,148.7101085884435
2018-04-06,11:05:39,1.7122742388468326,254.81299042832958,148.8155253681436
2018-04-06,11:06:03,1.7131608218447172,254.81319794262686,148.73863252852476
2018-04-06,11:06:26,1.7118203347795975,254.81534698868847,148.85636174049586
2018-04-06,11:06:49,1.714271287858608,254.81661848517388,148.6442783530952
2018-04-06,11:07:15,1.7126234134058855,254.81717023245685,148.7876250189195
2018-04-06,11:07:39,1.7140386880301723,254.82303017307052,148.668190486366
2018-04-06,11:08:01,1.7198912884569997,254.8238563537165,148.16276939360029
2018-04-06,11:08:25,1.721691355752273,254.81412320956753,148.00220861783293
2018-04-06,11:08:48,1.7239926255970373,254.83477451777895,147.81662678488948
2018-04-06,11:09:11,1.7266948613573243,254.84025527218074,147.58847146383195
2018-04-06,11:09:39,1.726850991698166,254.83406798093387,147.57154450850035
2018-04-06,11:10:01,1.7284924573739284,254.82925751677692,147.42861991074872
2018-04-06,11:10:24,1.7300454497159417,254.83532256619995,147.29978487446192
2018-04-06,11:10:47,1.7330756721208134,254.8273708295971,147.03764811247837
2018-04-06,11:11:10,1.7358879775511813,254.81563128749136,146.79267013932545
2018-04-06,11:11:32,1.740576928286657,254.82139624458353,146.40053657118037
2018-04-06,11:11:55,1.74109849445765,254.82169197117028,146.35685044948988
2018-04-06,11:12:18,1.7427107424585289,254.82188456047317,146.22156067104012
2018-04-06,11:12:43,1.7444091512679678,254.81774358543183,146.0768211403908
2018-04-06,11:13:06,1.7474608706810588,254.82140698614276,145.82381285987145
2018-04-06,11:13:28,1.7517097754737225,254.80620262795938,145.46142642781737
2018-04-06,11:13:51,1.7549564506804696,254.81248619205425,145.19590277767455
2018-04-06,11:14:14,1.7595859517178636,254.8082222812417,144.81146660239892
2018-04-06,11:14:37,1.7568087010838953,254.79143774635884,145.03083778510467
2018-04-06,11:15:00,1.7541582258599826,254.790097187454,145.24921037983458
2018-04-06,11:15:25,1.7543422027159246,254.79291567075265,145.23558475439043
2018-04-06,11:15:48,1.7537076804157987,254.80374349884383,145.29430779389108
2018-04-06,11:16:11,1.7528203577481234,254.80526527043105,145.36872768740744
2018-04-06,11:16:33,1.7481366104138785,254.80622997435356,145.75876304885986
2018-04-06,11:16:57,1.746027357274378,254.8126820271606,145.93853925916366
2018-04-06,11:17:39,1.747965756561984,254.81985840398568,145.78080688787773
2018-04-06,11:18:02,1.748966569528021,254.81507349523974,145.69465073537944
2018-04-06,11:18:25,1.7517852717597715,254.81462361168244,145.4599645969772
2018-04-06,11:18:56,1.7492670276895652,254.81517052523483,145.6696813532209
2018-04-06,11:19:19,1.7465718158494534,254.81892665633748,145.89662122333348
2018-04-06,11:19:42,1.7427970589860247,254.81433122778586,146.20998464160778
2018-04-06,11:20:04,1.7462394812408637,254.81694202756867,145.92325094293355
2018-04-06,11:20:27,1.748965898428323,254.8180617705041,145.6964152357069
2018-04-06,11:20:50,1.7492983460351845,254.81737572161146,145.66833399183136
2018-04-06,11:21:13,1.745758485360865,254.81009701546034,145.95953515459422
2018-04-06,11:21:41,1.7471951817774152,254.82093365379376,145.8457167873857
2018-04-06,11:22:03,1.7498671767892182,254.80907641039326,145.61623864385822
2018-04-06,11:22:26,1.745844885764787,254.81244993843174,145.95365946660735
2018-04-06,11:22:49,1.7437714971832337,254.80407745498258,146.1224007082208
2018-04-06,11:23:12,1.744601327733241,254.81207633253945,146.0574816044744
2018-04-06,11:23:40,1.7465352119392659,254.81332515498175,145.8964717190269
2018-04-06,11:24:02,1.7457910355986985,254.8041384147767,145.95340061841628
2018-04-06,11:24:25,1.7464144758445324,254.80389030612244,145.90115567090922
2018-04-06,11:24:50,1.744238126021067,254.80644766078777,146.08466806195142
2018-04-06,11:25:13,1.743900253296603,254.79838649195923,146.1083488062451
2018-04-06,11:25:36,1.7429903643142126,254.80228770228243,146.1868596172851
2018-04-06,11:25:58,1.7465786007030817,254.80445289843775,145.88776754499725
2018-04-06,11:26:21,1.7444493077088923,254.81391203077033,146.07126209097777
2018-04-06,11:26:44,1.7445993229930943,254.8044390459364,146.053271767173
2018-04-06,11:27:09,1.7419753780383218,254.79317201885294,146.26680447445895
2018-04-06,11:27:32,1.7424543798855772,254.79556170636366,146.22796708347423
2018-04-06,11:27:57,1.7412834262749575,254.7983408999073,146.32789645565336
2018-04-06,11:28:31,1.7437307113002696,254.79860888953516,146.12268238341474
2018-04-06,11:28:54,1.7439734873801305,254.79691627398427,146.10137030050313
2018-04-06,11:29:18,1.7489914148734869,254.79971167614846,145.683797821603
2018-04-06,11:29:41,1.750191713149062,254.78154901606788,145.57350894871274
2018-04-06,11:30:03,1.75265108178979,254.78185437194725,145.36941038587472
2018-04-06,11:30:26,1.7559393446990026,254.80071141157222,145.10792310724682
2018-04-06,11:30:49,1.7596478991643298,254.78549425796328,144.79345235996522
2018-04-06,11:31:12,1.7611426085619222,254.78106569615528,144.6680492865931
2018-04-06,11:31:35,1.7611846818360408,254.7795562319116,144.66373621095948
2018-04-06,11:31:57,1.7608635525733178,254.79428568881917,144.69848348923117
2018-04-06,11:32:20,1.756552226409473,254.79522828698936,145.054171721276
2018-04-06,11:32:43,1.7548661488523047,254.78732390168722,145.18903568133672
2018-04-06,11:33:06,1.754865178713602,254.80483894355257,145.19909679348496
2018-04-06,11:33:29,1.7566428363584294,254.81221079529456,145.05635722941125
2018-04-06,11:33:57,1.7594843208646072,254.81974156243663,144.826378127211
2018-04-06,11:34:20,1.7582425794584398,254.7929149859231,144.9134027139773
2018-04-06,11:34:43,1.760295090887255,254.77413154744795,144.73376246197006
2018-04-06,11:35:06,1.76225367969727,254.77626096422628,144.574112058596
2018-04-06,11:35:29,1.7656281152331537,254.7903475428795,144.30578293619553
2018-04-06,11:35:51,1.7677487449023506,254.79704302245597,144.13645816873756
2018-04-06,11:36:14,1.7668040865984596,254.80219095851191,144.21643740312484
2018-04-06,11:36:37,1.765427935516627,254.80846669669643,144.33240891372347
2018-04-06,11:37:00,1.768330619812973,254.8223800689556,144.10335783017027
2018-04-06,11:37:38,1.7678773464155186,254.82854151160004,144.14379030778395
2018-04-06,11:38:03,1.7668903714005229,254.8408326437179,144.23126458135528
2018-04-06,11:38:25,1.7655017180447767,254.82365087403184,144.33497757013737
2018-04-06,11:38:49,1.7658684976358456,254.84321794344217,144.3160791897175
2018-04-06,11:39:14,1.7692282706526699,254.843622562122,144.04225095731144
2018-04-06,11:39:38,1.7713921800729784,254.84791874097309,143.86871614758613
2018-04-06,11:40:01,1.7733672128976106,254.86042329842294,143.71553812703647
2018-04-06,11:40:24,1.7794713130809756,254.8518995760246,143.2177623222114
2018-04-06,11:40:47,1.7785729082750286,254.85726747310716,143.2931235415498
2018-04-06,11:41:10,1.7800402952477428,254.85237713106565,143.1722516683791
2018-04-06,11:41:37,1.7817088693847434,254.85617397410215,143.04030156290833
2018-04-06,11:42:01,1.7827840000514974,254.8530842333691,142.95230618291808
2018-04-06,11:42:26,1.7895911808494884,254.8486100871677,142.4060493895569
2018-04-06,11:42:49,1.7924139074202179,254.85139698563913,142.18334053903942
2018-04-06,11:43:12,1.794470872254226,254.85510561797753,142.02242541715202
2018-04-06,11:43:34,1.794195655917808,254.8491318491364,142.04088110935155
2018-04-06,11:43:57,1.7923318851506924,254.84822169894787,142.18807566296306
2018-04-06,11:44:20,1.7946132479936978,254.8519477169938,142.00939840486944
2018-04-06,11:44:43,1.7875152700091705,254.82539921411254,142.55844606731958
2018-04-06,11:45:06,1.7837109941968152,254.83919212679342,142.87022558917658
2018-04-06,11:45:29,1.781187052818505,254.83762096774194,143.07179055927529
2018-04-06,11:45:51,1.776562695275507,254.86218454258676,143.45803006015674
2018-04-06,11:46:14,1.7715500718445205,254.86693291592815,143.86662672794972
2018-04-06,11:46:37,1.7749714508956047,254.85909680099388,143.58489916691255
2018-04-06,11:47:01,1.771849867908975,254.85914494891338,143.8378891828358
2018-04-06,11:47:26,1.777800422919446,254.8704586995912,143.36280687854222
2018-04-06,11:47:49,1.779832713907541,254.8665455567297,143.19691034174886
2018-04-06,11:48:12,1.783255379150785,254.87067546640506,142.92438337563215
2018-04-06,11:48:40,1.7861077772709228,254.85826120339257,142.68918395999728
2018-04-06,11:49:02,1.786495653945676,254.85135001933475,142.65433529405288
2018-04-06,11:49:25,1.7948376521408353,254.85030628895487,141.99072879097233
2018-04-06,11:49:48,1.7991626677062085,254.8580201755737,141.6536840998917
2018-04-06,11:50:11,1.8030881491593784,254.8401302051345,141.33536972329614
2018-04-06,11:50:34,1.8084037537090605,254.8438021102339,140.92196036838888
2018-04-06,11:50:56,1.8131119934512636,254.832056044175,140.54953966693557
2018-04-06,11:51:19,1.8198486393319708,254.84400476956353,140.03582455248122
2018-04-06,11:51:42,1.8235511462921956,254.8474273097068,139.75337507142862
2018-04-06,11:52:05,1.8282933539921467,254.84110747183232,139.3874275784995
2018-04-06,11:52:28,1.833626291825188,254.84563102322397,138.98449872768302
2018-04-06,11:52:50,1.8417363811561767,254.83413576143377,138.36623871297908
2018-04-06,11:53:13,1.8452514157195583,254.84874747279613,138.11058227716765
2018-04-06,11:53:36,1.8538576815030001,254.8432221513032,137.466443456809
2018-04-06,11:53:59,1.858063550873615,254.8418568132912,137.15454279993327
2018-04-06,11:54:22,1.8649065299269991,254.8428234997963,136.65179429114445
2018-04-06,11:54:45,1.8668278206625968,254.8542896228259,136.51729784719512
2018-04-06,11:55:07,1.8741278665827859,254.85907283109762,135.98809204827526
2018-04-06,11:55:30,1.8814832404171398,254.86239115235492,135.45823086675483
2018-04-06,11:55:53,1.8865823391720555,254.85398571799448,135.08765582415
2018-04-06,11:56:16,1.8897127991348488,254.86122629748704,134.8677039252568
2018-04-06,11:56:39,1.8931244821792594,254.84530302736206,134.6162417877552
2018-04-06,11:57:02,1.8980203446696757,254.83521509534015,134.26368996044175
2018-04-06,11:57:24,1.902428619396553,254.84326548655307,133.95680809689927
2018-04-06,11:57:47,1.9061032177153316,254.8388431372549,133.6962451816783
2018-04-06,11:58:10,1.9062246724540293,254.8338347806437,133.68509938158368
2018-04-06,11:58:33,1.9123088248754212,254.83146096959737,133.25852898587056
2018-04-06,11:58:56,1.917450980427282,254.84752538390535,132.90953874978098
2018-04-06,11:59:19,1.9266665371771319,254.8438217001179,132.27188866502243
2018-04-06,11:59:42,1.9372155235525366,254.8381611453292,131.548688334893
2018-04-06,12:00:04,1.9446986731267817,254.82787845325657,131.0372048763379
2018-04-06,12:00:27,1.946688682077736,254.84707493656657,130.9131127554323
2018-04-06,12:00:50,1.9480965177040357,254.83245564680976,130.81100106228163
2018-04-06,12:01:13,1.9469016152107659,254.84218756839135,130.89628442308467
2018-04-06,12:01:35,1.9624564237207005,254.8389639059252,129.85713253330013
2018-04-06,12:01:59,1.9621207118574417,254.84389719638568,129.8818648905335
2018-04-06,12:02:22,1.9684104540790424,254.84940088154679,129.46964407419938
2018-04-06,12:02:45,1.9721551321764768,254.82936527392357,129.21365115567409
2018-04-06,12:03:08,1.9714593924961648,254.8195655945865,129.25428064330887
2018-04-06,12:03:30,1.9683977727142743,254.81768659162933,129.45436645168252
2018-04-06,12:03:53,1.9628511662593913,254.81391507578908,129.81825594112078
2018-04-06,12:04:16,1.9606111908995938,254.8042631686821,129.96164887326253
2018-04-06,12:04:42,1.9568300296032046,254.80120179450515,130.21120789227277
2018-04-06,12:05:10,1.9543453431997242,254.81069377215027,130.38161073158395
2018-04-06,12:05:44,1.9495371710788687,254.82341256567673,130.70969681724927
2018-04-06,12:06:08,1.9475466186716917,254.8232015628591,130.8431845070077
2018-04-06,12:06:35,1.942112639802966,254.81793211591284,131.20656695883767
2018-04-06,12:06:58,1.9413064235248432,254.80755136557255,131.25570918521805
2018-04-06,12:07:20,1.9364280017556386,254.80736330090573,131.58628313053094
2018-04-06,12:07:55,1.9352687301144254,254.8087389161058,131.66581723306194
2018-04-06,12:08:25,1.9347684926308435,254.79795108208478,131.6942838652586
2018-04-06,12:08:56,1.9339361944306281,254.80106229885658,131.75256920711016
2018-04-06,12:09:18,1.9344720423873343,254.79701344600073,131.7139807983761
2018-04-06,12:09:41,1.9367574524819962,254.8050654412992,131.56271329420267
2018-04-06,12:10:06,1.9359256963562905,254.82430069121227,131.62917418309533
2018-04-06,12:10:29,1.930308895982241,254.8297489031599,132.01501036106936
2018-04-06,12:10:51,1.9312197089455423,254.82309461671164,131.94930304219326
2018-04-06,12:11:14,1.9336842797290623,254.81982334124075,131.77943577063405
2018-04-06,12:11:37,1.9375501285586125,254.81787007483916,131.51549800902646
2018-04-06,12:12:00,1.9410173096703296,254.81991268493815,131.28162815210433
2018-04-06,12:12:23,1.9501761397951685,254.82208237719988,130.66618813414692
2018-04-06,12:12:45,1.9605146124473674,254.82929983101903,129.98082147059756
2018-04-06,12:13:08,1.966860507728319,254.8188862470279,129.55615573436785
2018-04-06,12:13:31,1.9718181330371813,254.81037392754527,129.2261033907129
2018-04-06,12:13:54,1.9724561336322153,254.80631654211192,129.18224755289953
2018-04-06,12:14:17,1.9790611639272402,254.80535214354745,128.7506201364251
2018-04-06,12:14:39,1.98987618140628,254.80802094112101,128.05219908760543
2018-04-06,12:15:02,1.991733367287815,254.80046930888562,127.92900570614668
2018-04-06,12:15:25,2.0057783834691043,254.79790236343297,127.03193157498583
2018-04-06,12:15:48,2.035635625347487,254.791810916431,125.16572599918882
2018-04-06,12:16:11,2.0469198941274502,254.79779389396575,124.47863476483508
2018-04-06,12:16:34,2.05511149947361,254.78323577457118,123.97538325284569
2018-04-06,12:16:57,2.0519511658429406,254.78893874312604,124.16910450130466
2018-04-06,12:17:21,2.0531570461043818,254.7891759095343,124.09629180240552
2018-04-06,12:17:44,2.063760961501916,254.7972698047864,123.46258823471298
2018-04-06,12:18:06,2.066943514437776,254.78240006132384,123.26529403520082
2018-04-06,12:18:29,2.0732659331502505,254.79786391738685,122.89685555688988
2018-04-06,12:18:54,2.066196051970306,254.7909289271616,123.31401402311037
2018-04-06,12:19:17,2.051226540853368,254.77582349334756,124.20657514861993
2018-04-06,12:19:39,2.0453719942463504,254.80218799966337,124.57498622080688
2018-04-06,12:20:02,2.0372145469222116,254.78383348043542,125.0648017732636
2018-04-06,12:20:26,2.0263935507767252,254.78113419878622,125.731319121662
2018-04-06,12:20:49,2.0177659872722016,254.76718120295035,126.26200600564572
2018-04-06,12:21:12,2.0075777549504585,254.76966458461206,126.90400855278408
2018-04-06,12:21:35,1.999182231925235,254.76689805324247,127.4355553910156
2018-04-06,12:21:59,1.9995679420723895,254.76865693388118,127.41185311754607
2018-04-06,12:22:22,1.9945345097164429,254.76381143014908,127.73096188060848
2018-04-06,12:22:44,1.9993081928205443,254.77203184344356,127.43009444883099
2018-04-06,12:23:07,1.9982644430152021,254.78671667579755,127.50400356989148
2018-04-06,12:23:31,2.00580288961142,254.79335357383246,127.02811173195241
2018-04-06,12:23:54,2.0058346612908107,254.78829754915466,127.02357899488648
2018-04-06,12:24:22,2.005783211166499,254.79010923008158,127.02774049140827
2018-04-06,12:24:45,2.004201037205384,254.7897904099931,127.12786076853182
2018-04-06,12:25:07,2.0007547721160446,254.7729200607673,127.33840429195307
2018-04-06,12:25:30,2.0003798493510736,254.77329413240068,127.36245779272848
2018-04-06,12:25:53,2.0066631340802816,254.77551049621735,126.96476362635185
2018-04-06,12:26:21,2.000405017312071,254.7755987852395,127.36200748365424
2018-04-06,12:26:46,2.0085830105918023,254.7737111723076,126.8425102815352
2018-04-06,12:27:10,2.0093521117271576,254.75309496347558,126.7836998187939
2018-04-06,12:27:33,2.010013958262224,254.7436497942134,126.73725411064028
2018-04-06,12:27:58,2.0120183368282003,254.7481701685075,126.61324477295736
2018-04-06,12:28:27,2.0133229287025736,254.75045462451968,126.53233666229892
2018-04-06,12:28:57,2.0126383532423002,254.7508196984151,126.57555655143865
2018-04-06,12:29:21,2.01909341963667,254.75088119087823,126.17092340220687
2018-04-06,12:29:45,2.025375207989949,254.76167819690914,125.78492972161105
2018-04-06,12:30:08,2.026899610094378,254.75506403001435,125.6870654872504
2018-04-06,12:30:34,2.0318990572230273,254.76248541848935,125.38146740747558
2018-04-06,12:30:56,2.042992864569394,254.75155863673825,124.69527576663012
2018-04-06,12:31:21,2.0378935745272115,254.74598476023147,125.00455761991014
2018-04-06,12:31:44,2.0427030634239336,254.73528903877212,124.70500172050971
2018-04-06,12:32:08,2.0454464438459268,254.7406589264963,124.54037097521025
2018-04-06,12:32:40,2.0467219591918915,254.74225476527496,124.46353722899177
2018-04-06,12:33:03,2.0474610318270994,254.7394702794025,124.41724961772769
2018-04-06,12:33:25,2.048187324049788,254.7443149578805,124.37549630674704
2018-04-06,12:33:48,2.0449967117834476,254.73983941637348,124.56735893438876
2018-04-06,12:34:11,2.054397605046562,254.750468217614,124.00251421235481
2018-04-06,12:34:34,2.0556535278157435,254.75749393307584,123.93017134739196
2018-04-06,12:34:56,2.0482926827746692,254.7511390468589,124.37243036076589
2018-04-06,12:35:19,2.0564828096471075,254.74987029392526,123.87648907098831
2018-04-06,12:35:42,2.058078645861184,254.7484650827447,123.77975234087691
2018-04-06,12:36:06,2.0579205491909938,254.75389718819693,123.79190114426204
2018-04-06,12:36:29,2.0551584757784136,254.76091094119587,123.96168662599239
2018-04-06,12:36:52,2.0592285749831483,254.76044070330528,123.7164459537427
2018-04-06,12:37:14,2.0546948874125737,254.7511875614707,123.98492307647318
2018-04-06,12:37:37,2.0605256668236303,254.7551488853253,123.63599880706117
2018-04-06,12:38:00,2.0625472583429354,254.75889568653344,123.51663442185003
2018-04-06,12:38:23,2.0642042024864002,254.76083581845663,123.41842706820817
2018-04-06,12:38:47,2.066884156516177,254.75403822378954,123.25511201033567
2018-04-06,12:39:16,2.0713465809739358,254.75102094854012,122.98811955880295
2018-04-06,12:39:39,2.070161132505715,254.74209939647122,123.05423737143224
2018-04-06,12:40:08,2.073228074050235,254.75581120883407,122.87881608276025
2018-04-06,12:40:31,2.071755785610439,254.75356203197734,122.96505399014231
2018-04-06,12:40:53,2.0714708781598055,254.7641407457545,122.987073307096
2018-04-06,12:41:17,2.054373396028414,254.73684816281903,123.99734568958357
2018-04-06,12:41:53,2.0710922771771445,254.74194708850666,122.99883974060036
2018-04-06,12:42:22,2.0730362229000683,254.7167971392674,122.87136824986689
2018-04-06,12:42:46,2.0767896720620835,254.7290119733837,122.65518044514275
2018-04-06,12:43:14,2.077610214552196,254.7286955837823,122.60658606681235
2018-04-06,12:43:50,2.08535076774898,254.74839892961305,122.16093468275352
2018-04-06,12:44:13,2.0793969122918665,254.75016600759176,122.51156308913222
2018-04-06,12:44:36,2.0766752230301297,254.735856896927,122.6652362737951
2018-04-06,12:44:58,2.077556840803824,254.7320419130036,122.6113466115544
2018-04-06,12:45:24,2.0736002167596403,254.72476247331304,122.84179004927219
2018-04-06,12:45:47,2.0726010938464294,254.7306054679542,122.90382660911044
2018-04-06,12:46:17,2.0690820564236962,254.72883638681554,123.11200302374739
2018-04-06,12:46:43,2.0675504191507574,254.73294994413178,123.20519373296003
2018-04-06,12:47:06,2.069895646489577,254.7093678473555,123.05420723954265
2018-04-06,12:47:32,2.0723349216425984,254.7119511795544,122.9106108860346
2018-04-06,12:47:55,2.0740672685629664,254.71033375528728,122.80717101898306
2018-04-06,12:48:18,2.0684822449241587,254.73402997048206,123.15021344542502
2018-04-06,12:48:40,2.068260831461953,254.71925290008923,123.15625235722351
2018-04-06,12:49:09,2.0692656008806023,254.73409184514003,123.10362272331531
2018-04-06,12:49:41,2.0766127709852404,254.73650292831806,122.66923640629416
2018-04-06,12:50:07,2.0815258068184153,254.73885533801788,122.3808297276808
2018-04-06,12:50:42,2.083951275506052,254.75530431930466,122.24628632809164
2018-04-06,12:51:06,2.0849553026909367,254.7495653058112,122.18466505110206
2018-04-06,12:51:31,2.0814670106511226,254.74905645063106,122.38918760040339
2018-04-06,12:51:54,2.0721640934453367,254.7476799725333,122.93798583729465
2018-04-06,12:52:20,2.0757128652263304,254.7471832781035,122.72756388698615
2018-04-06,12:52:43,2.0711508358357764,254.74502077006673,122.99684617961147
2018-04-06,12:53:08,2.076598489232556,254.73981479588707,122.67167491296341
2018-04-06,12:53:31,2.0831092023839757,254.74425430863153,122.29039841842867
2018-04-06,12:54:02,2.080938233015268,254.74248922686945,122.41713145793328
2018-04-06,12:54:34,2.083421501002714,254.74684034178284,122.27330869878115
2018-04-06,12:54:56,2.080899381214901,254.75731286615363,122.42654073808099
2018-04-06,12:55:19,2.082497986697865,254.73987786259542,122.3241892620153
2018-04-06,12:55:42,2.082073110597107,254.73637192342753,122.34746735208209
2018-04-06,12:56:05,2.0833415263850816,254.73690115221345,122.2732316934234
2018-04-06,12:56:28,2.087825100195089,254.73670143284903,122.01055606096799
2018-04-06,12:56:50,2.089067668163267,254.73558424893736,121.93744995962906
2018-04-06,12:57:13,2.0898905758355313,254.74873193127368,121.89572740162531
2018-04-06,12:57:36,2.0920880950485596,254.75279381682236,121.7696302654546
2018-04-06,12:57:59,2.096065977460747,254.75615579914563,121.54014164562074
2018-04-06,12:58:21,2.101976036463272,254.7342700983402,121.18799913958544
2018-04-06,12:58:44,2.1068981617306624,254.74600211875094,120.91044870887151
2018-04-06,12:59:07,2.1082084276857636,254.73424834751674,120.82972679657925
2018-04-06,12:59:30,2.1035585670369645,254.72610663473444,121.09294726865492
2018-04-06,12:59:53,2.100999197029398,254.72659278932747,121.24069021515349
2018-04-06,13:00:15,2.0964000955447,254.7450933905084,121.51549407572361
2018-04-06,13:00:38,2.0973156353527815,254.73876814617054,121.45943312119633
2018-04-06,13:01:01,2.138645390538405,254.7609407460934,119.12257257476294
2018-04-06,13:01:24,2.103941547617463,254.73967831813576,121.07735531274955
2018-04-06,13:01:46,2.1047888009225013,254.7549363040574,121.03586649282896
2018-04-06,13:02:09,2.1150431539325925,254.7626964318233,120.45271793066343
2018-04-06,13:02:32,2.1276972598471455,254.7585067399555,119.7343774171413
2018-04-06,13:02:55,2.1294878500521577,254.7582009310051,119.6335545773437
2018-04-06,13:03:18,2.1426624632481035,254.75473659501694,118.89634553490488
2018-04-06,13:03:40,2.1462350813952376,254.76533034714447,118.70336691240973
2018-04-06,13:04:03,2.1330836472672043,254.7657996991049,119.43544737474198
2018-04-06,13:04:26,2.1283156753971255,254.7524554958412,119.69674350507546
2018-04-06,13:04:49,2.130165540178062,254.72902088329664,119.58179591150632
2018-04-06,13:05:12,2.145323136437125,254.7411838718902,118.74257054578506
2018-04-06,13:05:34,2.134371996960423,254.7512785825057,119.35655028518887
2018-04-06,13:05:57,2.132686237378411,254.73955389364755,119.44539680941736
2018-04-06,13:06:20,2.134401965958247,254.75375424392792,119.35603429298537
2018-04-06,13:06:43,2.112924055236387,254.75004655011895,120.56753574212982
2018-04-06,13:07:06,2.0997627784906494,254.73340673007328,121.31532634995112
2018-04-06,13:07:29,2.092037379351098,254.73716694568265,121.76511254531039
2018-04-06,13:07:51,2.106476262520755,254.745046111665,120.93421162354778
2018-04-06,13:08:14,2.0950580351610992,254.76023168808683,121.60056065869176
2018-04-06,13:08:37,2.0938412254212744,254.7689761123928,121.67540356892823
2018-04-06,13:09:00,2.0957687742642195,254.76535076378906,121.56176477685703
2018-04-06,13:09:23,2.098118584336287,254.76329510978556,121.42464063363543
2018-04-06,13:09:45,2.102990712566271,254.7627280082754,121.14305901873884
2018-04-06,13:10:08,2.10620460618259,254.75022143489815,120.95226678694934
2018-04-06,13:10:31,2.1088488300732866,254.77363932137982,120.8117128587761
2018-04-06,13:10:54,2.1054911776706744,254.7821315648996,121.0084061462407
2018-04-06,13:11:17,2.105741905636671,254.77566618254482,120.99092747338064
2018-04-06,13:11:45,2.1080750623486875,254.7666728570839,120.85275207100005
2018-04-06,13:12:08,2.1093730796153154,254.75774694348803,120.77415294877471
2018-04-06,13:12:31,2.112900612827011,254.75964714287193,120.57341722382745
2018-04-06,13:12:54,2.112613004991857,254.760661847985,120.59031220863237
2018-04-06,13:13:17,2.11200528030174,254.76513232416846,120.62712849267614
2018-04-06,13:13:39,2.113883861590066,254.75978618421053,120.51739966101066
2018-04-06,13:14:02,2.107743657054797,254.78051221726926,120.87831998189024
2018-04-06,13:14:25,2.1107506986650053,254.7599284105286,120.69636104901333
2018-04-06,13:14:48,2.1093022079074313,254.7703941527471,120.78420683278776
2018-04-06,13:15:10,2.1147731444081512,254.75906772892048,120.46638118256337
2018-04-06,13:15:33,2.1188763001176287,254.760651603379,120.23384828516703
2018-04-06,13:15:56,2.128981995338237,254.7578752886836,119.6618270358879
2018-04-06,13:16:19,2.1370305072308935,254.75397631133671,119.20933063395528
2018-04-06,13:16:41,2.132606039787577,254.75687843410108,119.45801225409488
2018-04-06,13:17:04,2.128555768173836,254.76592909923852,119.68957210729381
2018-04-06,13:17:27,2.1259335568997826,254.77045706997984,119.83933187521994
2018-04-06,13:17:50,2.1165136399196403,254.779865343436,120.37714311782536
2018-04-06,13:18:12,2.1128325136405177,254.77546522764487,120.584790125486
2018-04-06,13:18:35,2.1150910793396176,254.78214863430767,120.45918548049326
2018-04-06,13:18:58,2.1157257996414525,254.77735767192488,120.42078312563068
2018-04-06,13:19:21,2.1196870621064114,254.78319633752992,120.19849575547364
2018-04-06,13:19:44,2.1230452356685254,254.79910200322357,120.01586104828797
2018-04-06,13:20:06,2.1251407723526516,254.79410128575176,119.89516393480146
2018-04-06,13:20:29,2.1264684317716527,254.81704162337525,119.83109545203835
2018-04-06,13:20:52,2.127050233462234,254.80777349924153,119.79396136991406
2018-04-06,13:21:15,2.1251652725021497,254.8024382221562,119.89770467223671
2018-04-06,13:21:38,2.1231720301995236,254.80630439397154,120.01208605316184
2018-04-06,13:22:05,2.1250074008735553,254.80419543225506,119.90743906468714
2018-04-06,13:22:30,2.128858981569229,254.8060138060138,119.69135391870374
2018-04-06,13:22:53,2.1371361438966994,254.8091714712791,119.2292649202397
2018-04-06,13:23:16,2.13981673339897,254.80832351365828,119.07950785528749
2018-04-06,13:23:38,2.1384860818194276,254.79923305161904,119.14935300155679
2018-04-06,13:24:02,2.1311001926651243,254.79847295637782,119.56193980618545
2018-04-06,13:24:29,2.122827222370692,254.79774338234503,120.02754661201143
2018-04-06,13:25:03,2.12448700464199,254.79153308230232,119.93085037733086
2018-04-06,13:25:34,2.1292382292964396,254.79042617175753,119.66271442343373
2018-04-06,13:25:59,2.1318742609454544,254.79210478364791,119.51554059790159
2018-04-06,13:26:22,2.128780266634721,254.79529323469498,119.69074367524449
2018-04-06,13:26:45,2.1278811018606385,254.79585973263008,119.74158683482563
2018-04-06,13:27:08,2.129798761192927,254.79369553244567,119.63275600260587
2018-04-06,13:27:30,2.1300769941858726,254.78641186204212,119.61371000085511
2018-04-06,13:27:53,2.128598857684286,254.7844700831768,119.6958596324524
2018-04-06,13:28:16,2.126900744840821,254.78193919808243,119.79023460126274
2018-04-06,13:28:39,2.127495208019387,254.77534669712668,119.75366418536487
2018-04-06,13:29:02,2.1253193751660837,254.78381683975624,119.88024944243783
2018-04-06,13:29:24,2.128396900838161,254.77619771700256,119.70333052856444
2018-04-06,13:29:50,2.1297830879815933,254.76973733363218,119.62238726154916
2018-04-06,13:30:13,2.1300043011490257,254.76839338540447,119.60933282997141
2018-04-06,13:30:36,2.1306615751084466,254.7467877877772,119.56229499976368
2018-04-06,13:30:58,2.133788989888357,254.74067666079398,119.3841930331276
2018-04-06,13:31:21,2.1332370371346427,254.74858292770298,119.41878867333023
2018-04-06,13:31:44,2.132662563668889,254.76141078838174,119.45697135983264
2018-04-06,13:32:09,2.1295221615089335,254.76028647214855,119.6326063550477
2018-04-06,13:32:32,2.1245680325287046,254.7787912852631,119.92027903291954
2018-04-06,13:32:54,2.1221097365563195,254.78376842669525,120.06154254781792
2018-04-06,13:33:17,2.1245098840138636,254.78298074125166,119.92553325282108
2018-04-06,13:33:40,2.1287116180351857,254.79483007365462,119.69438599148148
2018-04-06,13:34:08,2.129562200779463,254.7826780479393,119.64087170343448
2018-04-06,13:34:38,2.1304696235219107,254.7961469776503,119.59623557384641
2018-04-06,13:35:01,2.1317135489525345,254.7721487585478,119.51518949801478
2018-04-06,13:35:25,2.1344235650452807,254.77402198321712,119.36432213154104
2018-04-06,13:35:49,2.1372905416082473,254.77885460665965,119.20646708844095
2018-04-06,13:36:13,2.1367579710153555,254.78515562308078,119.23912725689314
2018-04-06,13:36:44,2.1387041384911663,254.79012754149102,119.13294735626351
2018-04-06,13:37:07,2.135242093999673,254.7994023160254,119.33045111467554
2018-04-06,13:37:38,2.131400107727521,254.79924014767752,119.54547587001022
2018-04-06,13:38:01,2.126220695661897,254.78148547975076,119.8283348476376
2018-04-06,13:38:28,2.1239782326753867,254.77677723117202,119.95263101649226
2018-04-06,13:38:53,2.1241538558787187,254.78307593914803,119.94567871532522
2018-04-06,13:39:19,2.1279728613572617,254.7702863587944,119.72440578790889
2018-04-06,13:39:44,2.12427702399082,254.7739426911785,119.93442466018003
2018-04-06,13:40:08,2.1215367848547038,254.77219983543958,120.08851397449985
2018-04-06,13:40:31,2.1188587924377758,254.78524095745811,120.24644675085885
2018-04-06,13:40:58,2.112641362435124,254.80674312025303,120.6105057161957
2018-04-06,13:41:23,2.114237859112842,254.81279608067422,120.52229363993915
2018-04-06,13:41:48,2.109339591643353,254.8215473670569,120.80631699921277
2018-04-06,13:42:13,2.105528504280708,254.8099533904676,121.01947462236612
2018-04-06,13:42:47,2.1125039421795795,254.8064200135634,120.61819858696522
2018-04-06,13:43:16,2.123725404652191,254.80116086947191,119.97839283332463
2018-04-06,13:43:46,2.126484623062271,254.79674268488833,119.8206372722155
2018-04-06,13:44:09,2.12465598388244,254.78020822153053,119.91598176565219
2018-04-06,13:44:32,2.09947878352016,254.80986732207646,121.3681554308642
2018-04-06,13:44:59,2.1029830565324166,254.79898444252376,121.16074052572671
2018-04-06,13:45:22,2.1080545823251047,254.80809150141334,120.8735739756651
2018-04-06,13:45:47,2.127405421472874,254.80320241163878,119.77181210492074
2018-04-06,13:46:15,2.1455256401834246,254.80710466004584,118.76208789481628
2018-04-06,13:46:39,2.153701068803747,254.80102517321518,118.30844533811836
2018-04-06,13:47:02,2.1561941338152883,254.80769355799967,118.17474575312426
2018-04-06,13:47:29,2.1468845314482783,254.7984227197311,118.68287231444407
2018-04-06,13:47:55,2.139614285304245,254.7982872738213,119.0860843582328
2018-04-06,13:48:21,2.1397918685578587,254.7971799851917,119.07568382195771
2018-04-06,13:48:48,2.1356317802177878,254.80042028068746,119.30915368505305
2018-04-06,13:49:17,2.1321413733186287,254.80721470392692,119.50765455450329
2018-04-06,13:49:42,2.1251518638243976,254.80278978220872,119.89862659681587
2018-04-06,13:50:06,2.115504402013689,254.7970525187567,120.44269549910771
2018-04-06,13:50:31,2.1121828832158585,254.7890333979012,120.6283013760521
2018-04-06,13:50:53,2.124794784911027,254.78132593964438,119.90867435713939
2018-04-06,13:51:28,2.1333658142871674,254.7960632810308,119.43383622942656
2018-04-06,13:51:56,2.132660748398679,254.79696277614815,119.47374328873636
2018-04-06,13:52:19,2.132166323246489,254.8076536185954,119.50646196804149
2018-04-06,13:52:45,2.1275111744510253,254.81605157752693,119.77189809274617
2018-04-06,13:53:08,2.125201217447954,254.81898117791226,119.90346094564703
2018-04-06,13:53:39,2.1226652839487765,254.82896082505303,120.0514102491924
2018-04-06,13:54:04,2.124999094319899,254.8348445595855,119.92233090393142
2018-04-06,13:54:35,2.1235847224358153,254.83918752344712,120.00424792618536
2018-04-06,13:54:59,2.1238554412790367,254.84162968336605,119.99010136485292
2018-04-06,13:55:22,2.1328329632820706,254.84020215647854,119.48436963592424
2018-04-06,13:55:50,2.123660405847005,254.84288654516757,120.00171300624005
2018-04-06,13:56:13,2.124501063354482,254.8448778612093,119.95516606558995
2018-04-06,13:56:41,2.121631527469916,254.82921329192018,120.1100238154024
2018-04-06,13:57:05,2.1163651326611324,254.83347030257752,120.4109188768141
2018-04-06,13:57:30,2.1179321938734814,254.81578696595903,120.31347731672516
2018-04-06,13:57:52,2.1237403844026437,254.81549380311054,119.98429547912181
2018-04-06,13:58:16,2.1314657545362574,254.81429653634106,119.54885786648774
2018-04-06,13:58:40,2.1332975022243366,254.81300282212206,119.44560126116252
2018-04-06,13:59:02,2.1228751929011787,254.80888189840815,120.03008125512054
2018-04-06,13:59:25,2.1142987680319116,254.82068892979228,120.52255470355844
2018-04-06,13:59:48,2.1070921090799004,254.8231187784714,120.93591812165464
2018-04-06,14:00:12,2.099126369171704,254.80495215261558,121.3861899382262
2018-04-06,14:00:35,2.0987519128140706,254.79740539431853,121.40425165958676
2018-04-06,14:00:57,2.1051715987500117,254.7931420128664,121.0320062099237
2018-04-06,14:01:20,2.11418279245754,254.8117360167922,120.52493139469618
2018-04-06,14:01:43,2.114092926825237,254.80551564454277,120.5271123191296
2018-04-06,14:02:06,2.107658308385901,254.80690534475724,120.89573738349216
2018-04-06,14:02:28,2.105075933617166,254.80885342242436,121.04497009026396
2018-04-06,14:02:51,2.0998966239934784,254.79798931182046,121.33834894560589
2018-04-06,14:03:14,2.100911014937536,254.79248776753664,121.27714403701772
2018-04-06,14:03:37,2.1083576274712663,254.79616229216774,120.85054213395789
2018-04-06,14:04:00,2.116906295692989,254.80710314427213,120.36768167901295
2018-04-06,14:04:22,2.1217481645893734,254.80821358674606,120.0935237458116
2018-04-06,14:04:45,2.127884692184956,254.80346563981044,119.74495919615502
2018-04-06,14:05:08,2.1271571040017734,254.8159394591856,119.79178170705214
2018-04-06,14:05:31,2.1239886054846955,254.8072109433683,119.96637377685984
2018-04-06,14:05:53,2.124469331147218,254.81379054483781,119.94232480034805
2018-04-06,14:06:16,2.1356227986115828,254.8176185949133,119.31770852070696
2018-04-06,14:06:39,2.139880294246982,254.80854298255005,119.0760733988704
2018-04-06,14:07:02,2.1474720567143852,254.8086625619976,118.65517028047051
2018-04-06,14:07:25,2.147217157263547,254.80679460026101,118.66838607278618
2018-04-06,14:07:47,2.145235153437117,254.80940646868066,118.77924248091057
2018-04-06,14:08:11,2.1465643032301998,254.81175131385774,118.70678690147372
2018-04-06,14:08:34,2.142479545833472,254.8156541833176,118.9349297074333
2018-04-06,14:08:57,2.139867654031354,254.80621872614705,119.07569061390818
2018-04-06,14:09:20,2.142452816008516,254.80071877807728,118.92944240087502
2018-04-06,14:09:42,2.1488111451012895,254.7993449038625,118.57689098678418
2018-04-06,14:10:05,2.152088159554789,254.79193994889266,118.39289148898179
2018-04-06,14:10:28,2.15187818631214,254.79177732922554,118.404368309474
2018-04-06,14:10:51,2.153122258103074,254.7920174088424,118.33606589219751
2018-04-06,14:11:13,2.147543499473973,254.80517886987244,118.64960077981439
2018-04-06,14:11:36,2.1515188002543586,254.80530505661335,118.43043389929456
2018-04-06,14:11:59,2.1596789112092765,254.80930143905462,117.98480788812184
2018-04-06,14:12:22,2.1673010528180168,254.80167736613328,117.56635149271456
2018-04-06,14:12:45,2.1699928146700413,254.7941789465967,117.41706111839798
2018-04-06,14:13:07,2.1691745715445108,254.78741462698156,117.45823409941876
2018-04-06,14:13:38,2.165815056948168,254.77101646650985,117.63285865484082
2018-04-06,14:14:01,2.162086756282834,254.83113899517133,117.86351230109265
2018-04-06,14:14:24,2.1628267825589402,254.84153843669773,117.82799274160223
2018-04-06,14:14:47,2.163961820903059,254.83578500106225,117.76353101031832
2018-04-06,14:15:11,2.1591925864340538,254.83350775459786,118.0225929616867
2018-04-06,14:15:34,2.151791169217052,254.82303252885623,118.42368170958514
2018-04-06,14:15:58,2.1503101467425463,254.8389788570161,118.51266164700269
2018-04-06,14:16:21,2.1530555481391134,254.83113925790985,118.35790278525813
2018-04-06,14:16:50,2.1506863386584274,254.8338641506212,118.48955357645669
2018-04-06,14:17:16,2.1481263004399382,254.82656780750844,118.62736737375253
2018-04-06,14:17:42,2.1489098793712555,254.80994799209407,118.5763769984846
2018-04-06,14:18:04,2.150266081391094,254.81375434350102,118.50335944407945
2018-04-06,14:18:32,2.1576374509073015,254.79802987262897,118.09121581824817
2018-04-06,14:18:56,2.1673105397002455,254.80079738515138,117.56543084979053
2018-04-06,14:19:28,2.170627342048084,254.80463861920174,117.38755597668928
2018-04-06,14:19:52,2.170618176154028,254.8078744984396,117.38954243436609
2018-04-06,14:20:22,2.162624765897156,254.79901472274975,117.8193363641831
2018-04-06,14:20:45,2.159296732111449,254.81216258379268,118.00701533717734
2018-04-06,14:21:10,2.161603916469784,254.81828496413334,117.88389307708553
2018-04-06,14:21:38,2.171462800137734,254.8077834402091,117.34384002528013
2018-04-06,14:22:01,2.1775140224405107,254.80852953827164,117.01808893643208
2018-04-06,14:22:24,2.1831465692817797,254.80582008537928,116.71493965208498
2018-04-06,14:22:49,2.181724601930413,254.81332701843243,116.79445095543723
2018-04-06,14:23:14,2.1800927520470577,254.81229473764608,116.88140080204528
2018-04-06,14:23:37,2.1801614447553224,254.80868865491632,116.87606404924442
2018-04-06,14:24:00,2.1794371825738157,254.80445100727772,116.91295947624666
2018-04-06,14:24:23,2.180450625843014,254.80161383060627,116.85731876276444
2018-04-06,14:24:45,2.177332029975059,254.81106439605793,117.02903410600943
2018-04-06,14:25:08,2.1779163928578833,254.77706386292834,116.9820222201493
2018-04-06,14:25:31,2.184765045846873,254.78942956291183,116.62097489487648
2018-04-06,14:25:54,2.197867825033516,254.7584463637353,115.91163192893565
2018-04-06,14:26:17,2.205047865199939,254.7550041806441,115.53264135495066
2018-04-06,14:26:39,2.214931571590133,254.77065430917241,115.02416488933277
2018-04-06,14:27:02,2.222525091042578,254.77329639455317,114.63236002210441
2018-04-06,14:27:25,2.2218163181830697,254.77450728193762,114.66947343796811
2018-04-06,14:27:48,2.2203763284480944,254.78367146917574,114.7479678128499
2018-04-06,14:28:13,2.215092106353277,254.78246708383506,115.02116158198285
2018-04-06,14:28:35,2.2086702307009607,254.7910251689374,115.35946907206467
2018-04-06,14:28:58,2.207666200631419,254.79643464168544,115.41438400823937
2018-04-06,14:29:21,2.2060011036775222,254.79420594722654,115.5004888812027
2018-04-06,14:29:44,2.2066860381428843,254.79361009863882,115.46436860273494
2018-04-06,14:30:06,2.2131663894002864,254.7934013246949,115.12618416084733
2018-04-06,14:30:29,2.2240589443413166,254.79296475137778,114.56214566598997
2018-04-06,14:30:52,2.224847507420007,254.78272096130854,114.51693660423561
2018-04-06,14:31:15,2.2264526839277403,254.78593065288072,114.43581644115902
2018-04-06,14:31:38,2.2293330397365323,254.78092402464065,114.2857166171777
2018-04-06,14:32:00,2.2191536763544493,254.77292778480427,114.80634734739805
2018-04-06,14:32:23,2.224724311678176,254.77199912222954,114.51845866243418
2018-04-06,14:32:46,2.2233820393781336,254.77938558594198,114.59091648379162
2018-04-06,14:33:09,2.225216132495392,254.78245797222513,114.49784776030188
2018-04-06,14:33:31,2.2301240777373454,254.78964247660642,114.24908820997648
2018-04-06,14:33:54,2.2311112414369907,254.77478412883403,114.19187864641898
2018-04-06,14:34:17,2.235700187500193,254.7798092125508,113.95973871497866
2018-04-06,14:34:40,2.2371806747682483,254.77453586520232,113.88196703942772
2018-04-06,14:35:03,2.2311542348145363,254.78537072427048,114.1944231145676
2018-04-06,14:35:25,2.23199479873368,254.7844928832333,114.15102446824027
2018-04-06,14:35:48,2.2341501868792566,254.78903864207788,114.04293235898193
2018-04-06,14:36:11,2.234752895859144,254.79504504504504,114.01486290370813
2018-04-06,14:36:34,2.239555173508613,254.78772697440385,113.76711321437956
2018-04-06,14:36:56,2.2406244878364965,254.7912927773379,113.71441049604856
2018-04-06,14:37:34,2.239362389085726,254.7795672255476,113.77326352684145
2018-04-06,14:37:57,2.2390752075895333,254.78034412753354,113.7882029437574
2018-04-06,14:38:20,2.237037473650338,254.78227453268406,113.89271638661337
2018-04-06,14:38:43,2.2325738408861007,254.79368451818877,114.12553522398258
2018-04-06,14:39:07,2.2442551957849926,254.79078373546793,113.53021894034094
2018-04-06,14:39:30,2.2486112154273887,254.80858115985097,113.31820254726429
2018-04-06,14:39:56,2.251064355434277,254.80772436153575,113.19433127107467
2018-04-06,14:40:19,2.249447563852405,254.79985741882072,113.27219247664983
2018-04-06,14:40:44,2.2465474397786767,254.8066853134027,113.42145765615594
2018-04-06,14:41:07,2.245753878859838,254.80831110033148,113.46226026767317
2018-04-06,14:41:30,2.246728309443177,254.7944229100376,113.40686892986415
2018-04-06,14:41:55,2.249916422566132,254.802059775234,113.2495666148437
2018-04-06,14:42:19,2.2582904293609896,254.79821395305515,112.82792090880595
2018-04-06,14:42:42,2.262586537856229,254.79457242032186,112.61207832595713
2018-04-06,14:43:05,2.267329618530337,254.79765293266763,112.37786109715499
2018-04-06,14:43:29,2.2676285630976625,254.79311517710534,112.3610450686195
2018-04-06,14:43:51,2.2690853015578116,254.7902509347054,112.28764769653321
2018-04-06,14:44:14,2.266627618943872,254.78498995335065,112.40707905609433
2018-04-06,14:44:38,2.2724701733326915,254.77868959228866,112.1153063226537
2018-04-06,14:45:01,2.2666188082380763,254.7727876788723,112.40213253013474
2018-04-06,14:45:30,2.276285498589024,254.7773916598528,111.92681753575238
2018-04-06,14:45:52,2.279921139919989,254.76509914062126,111.74294350793288
2018-04-06,14:46:15,2.280551734720441,254.7709328067971,111.71460350055507
2018-04-06,14:46:38,2.283141506437288,254.77273654282183,111.58867543886062
2018-04-06,14:47:01,2.289622809262,254.777652847799,111.27494529543053
2018-04-06,14:47:24,2.294711717160193,254.76211639446933,111.02140390416828
2018-04-06,14:47:46,2.293998500627098,254.77277062182358,111.06056545031642
2018-04-06,14:48:09,2.2978103242771706,254.77765090317172,110.87845163343407
2018-04-06,14:48:33,2.296093332259327,254.78124124831055,110.96292893181699
2018-04-06,14:48:55,2.302062581736215,254.7700082078673,110.67032244437065
2018-04-06,14:49:18,2.2942049991046374,254.77204414340483,111.05025237188266
2018-04-06,14:49:41,2.292101157462601,254.76243933526152,111.14799122447472
2018-04-06,14:50:04,2.279620247188221,254.75692277571798,111.75410601390553
2018-04-06,14:50:26,2.280399291106771,254.76521536155678,111.71956435660387
2018-04-06,14:50:49,2.2807486929263976,254.76148616250907,111.7008142776257
2018-04-06,14:51:12,2.2790331935000836,254.76749680086624,111.78753233058467
2018-04-06,14:51:35,2.2832772079473465,254.7596307144711,111.57630349382701
2018-04-06,14:51:57,2.2805262519954854,254.7514607628017,111.70731340623306
2018-04-06,14:52:20,2.2760187368245424,254.7574179857624,111.93116025977672
2018-04-06,14:52:44,2.276739129428651,254.75775155524835,111.89589016251499
2018-04-06,14:53:07,2.2805167339772847,254.7525313493139,111.70824907959276
2018-04-06,14:53:30,2.2811366069522965,254.742572317339,111.67352781107083
2018-04-06,14:53:52,2.284091859689722,254.73907942349732,111.52751074473065
2018-04-06,14:54:15,2.2891448970735273,254.7337962390966,111.27901801443481
2018-04-06,14:54:38,2.288900217435678,254.73136326449662,111.28985061213356
2018-04-06,14:55:01,2.285926235353377,254.74535179780165,111.44075773662094
2018-04-06,14:55:23,2.2946770760266237,254.74937393319462,111.01752686452467
2018-04-06,14:55:46,2.3008225382988186,254.7550624757664,110.72347312110699
2018-04-06,14:56:09,2.3078966916487915,254.74821167746526,110.38111567094012
2018-04-06,14:56:32,2.3109961837498334,254.75159545295907,110.23453748833022
2018-04-06,14:56:54,2.3142487621460117,254.76126797288237,110.08378707595863
2018-04-06,14:57:17,2.318737679431307,254.76104790938606,109.87057749968022
2018-04-06,14:57:40,2.3204945423387713,254.7574499813595,109.78584320417988
2018-04-06,14:58:03,2.3198146695988724,254.76033460265936,109.81926183211475
2018-04-06,14:58:26,2.33703084025541,254.76158312146626,109.01079212699813
2018-04-06,14:58:48,2.3285718951150707,254.76401675739407,109.40783803662822
2018-04-06,14:59:11,2.3314404178317356,254.77557547181738,109.27818421744674
2018-04-06,14:59:34,2.333524561548253,254.77712897234306,109.1812501871859
2018-04-06,14:59:57,2.3962756973455166,254.7978351327813,106.33076795588862
