img_nr,iso,ss,exp,r_avg,g_avg,b_avg
1,100,9,9,4095.02,4095.24,4097.63
2,100,47,9,4093.48,4093.30,4095.91
3,100,104,9,4094.66,4094.34,4097.19
4,100,142,47,4096.86,4094.85,4098.33
5,100,198,104,4098.59,4095.22,4101.17
6,100,255,161,4100.31,4096.73,4102.88
7,100,293,198,4101.85,4097.27,4103.59
8,100,350,255,4103.56,4098.01,4106.45
9,100,406,312,4105.02,4099.55,4107.50
10,100,444,350,4106.61,4100.48,4108.20
11,100,501,406,4109.14,4102.18,4110.51
12,100,558,463,4110.34,4103.64,4111.79
13,100,595,501,4111.77,4104.73,4112.94
14,100,652,558,4113.17,4106.34,4113.97
15,100,709,614,4115.66,4108.27,4115.38
16,100,747,652,4116.94,4109.48,4116.67
17,100,803,709,4118.45,4111.05,4117.66
18,100,841,747,4119.99,4112.36,4118.51
19,100,898,803,4122.34,4114.75,4119.68
20,100,955,860,4123.77,4116.69,4120.62
21,100,992,898,4125.33,4117.87,4121.83
22,100,1049,955,4127.08,4120.03,4122.61
23,100,1106,1011,4129.06,4121.99,4123.77
24,100,1144,1049,4130.33,4123.13,4124.69
25,100,1200,1106,4132.60,4125.31,4125.40
26,100,1257,1163,4134.28,4127.31,4126.52
27,100,1295,1200,4135.45,4128.56,4127.21
28,100,1352,1257,4137.19,4130.35,4128.18
29,100,1408,1314,4139.00,4132.39,4128.90
30,100,1446,1352,4140.93,4133.90,4130.26
31,100,1503,1408,4142.58,4135.68,4131.20
32,100,1541,1446,4144.10,4137.40,4131.81
33,100,1597,1503,4145.74,4138.90,4133.48
34,100,1654,1560,4147.73,4140.70,4134.15
35,100,1692,1597,4149.28,4142.04,4135.32
36,100,1749,1654,4151.39,4143.80,4136.57
37,100,1805,1711,4153.07,4145.78,4137.51
38,100,1843,1749,4154.29,4146.55,4138.44
39,100,1900,1805,4156.44,4148.52,4139.77
40,100,1957,1862,4158.40,4150.31,4141.23
41,100,1994,1900,4159.67,4151.42,4141.70
42,100,2051,1957,4161.80,4153.09,4143.34
43,100,2108,2013,4164.16,4154.71,4145.16
44,100,2146,2051,4164.90,4156.09,4146.05
45,100,2202,2108,4167.02,4157.34,4147.80
46,100,2259,2164,4169.35,4159.00,4148.88
47,100,2297,2202,4170.65,4159.72,4150.28
48,100,2354,2354,4173.90,4162.25,4152.72
49,100,2410,2354,4175.18,4162.97,4153.55
50,100,2448,2354,4176.09,4164.22,4154.40
51,100,2505,2410,4177.97,4165.24,4156.10
52,100,2543,2448,4179.55,4166.31,4156.98
53,100,2599,2505,4181.23,4168.10,4158.66
54,100,2656,2561,4183.57,4169.40,4160.99
55,100,2694,2599,4184.42,4170.07,4161.64
56,100,2750,2656,4186.30,4171.28,4163.53
57,100,2807,2713,4188.33,4172.94,4165.15
58,100,2845,2750,4189.39,4173.75,4166.44
59,100,2902,2807,4191.06,4175.15,4167.96
60,100,2958,2864,4193.34,4176.31,4170.48
61,100,2996,2902,4194.76,4177.39,4170.66
62,100,3053,2958,4196.30,4178.56,4172.98
63,100,3110,3015,4198.87,4179.68,4175.46
64,100,3147,3053,4199.43,4180.86,4176.49
65,100,3204,3110,4201.95,4181.80,4178.56
66,100,3242,3147,4203.20,4183.32,4179.33
67,100,3299,3204,4205.15,4184.19,4181.74
68,100,3355,3261,4206.63,4185.31,4183.16
69,100,3393,3299,4208.17,4186.17,4184.91
70,100,3450,3355,4210.16,4187.34,4186.58
71,100,3507,3412,4211.87,4188.20,4188.63
72,100,3544,3450,4213.03,4189.05,4189.84
73,100,3601,3507,4214.59,4189.92,4192.34
74,100,3658,3563,4216.88,4191.04,4193.29
75,100,3696,3601,4217.73,4192.04,4195.39
76,100,3752,3658,4220.02,4192.90,4197.37
77,100,3809,3715,4222.41,4193.70,4200.06
78,100,3847,3752,4223.16,4194.51,4201.53
79,100,3904,3809,4225.02,4195.34,4203.56
80,100,3960,3866,4227.30,4196.43,4205.78
81,100,3998,3904,4228.80,4197.51,4206.93
82,100,4055,3960,4230.90,4198.02,4209.81
83,100,4093,3998,4231.72,4198.35,4210.79
84,100,4149,4055,4233.41,4199.33,4212.34
85,100,4206,4112,4235.39,4200.15,4214.76
86,100,4244,4149,4236.83,4201.00,4216.14
87,100,4301,4206,4238.94,4201.32,4218.84
88,100,4357,4263,4240.79,4202.34,4220.91
89,100,4395,4301,4242.31,4203.18,4222.29
90,100,4452,4357,4243.91,4203.79,4224.59
91,100,4509,4414,4246.03,4204.50,4227.04
92,100,4546,4452,4247.58,4205.29,4228.60
93,100,4603,4509,4249.15,4206.51,4230.58
94,100,4660,4565,4251.51,4206.89,4232.93
95,100,4698,4603,4253.16,4207.60,4235.37
96,100,4754,4717,4254.98,4208.48,4237.58
97,100,4811,4717,4256.54,4209.11,4239.73
98,100,4849,4754,4257.97,4209.67,4241.00
99,100,4906,4811,4260.75,4210.89,4244.03
100,100,4962,4868,4261.92,4211.52,4245.96
101,100,5000,4906,4262.66,4211.69,4247.28
102,100,5057,4962,4264.85,4212.62,4249.31
103,100,5095,5000,4265.94,4213.44,4251.40
104,100,5151,5057,4268.63,4214.27,4253.85
105,100,5208,5113,4269.66,4215.25,4254.93
106,100,5246,5151,4271.03,4215.30,4256.61
107,100,5303,5208,4273.05,4216.64,4260.21
108,100,5359,5265,4274.63,4217.58,4262.12
109,100,5397,5303,4276.25,4217.92,4263.54
110,100,5454,5359,4273.91,4216.62,4260.59
111,100,5510,5416,4280.37,4219.71,4268.18
112,100,5548,5454,4281.24,4220.80,4269.63
113,100,5605,5510,4282.72,4221.20,4271.49
114,100,5662,5567,4284.57,4221.69,4273.95
115,100,5700,5605,4286.20,4222.83,4275.02
116,100,5756,5662,4288.13,4223.74,4278.07
117,100,5794,5700,4289.25,4224.44,4279.13
118,100,5851,5756,4291.48,4225.77,4281.79
119,100,5907,5813,4293.39,4226.67,4283.96
120,100,5945,5851,4294.47,4227.90,4285.21
121,100,6002,5907,4294.95,4227.97,4287.00
122,100,6059,5964,4298.15,4229.52,4289.41
123,100,6096,6002,4299.78,4230.22,4291.24
124,100,6153,6059,4301.46,4231.40,4293.88
125,100,6210,6115,4302.51,4232.24,4295.31
126,100,6248,6153,4304.76,4232.81,4297.10
127,100,6304,6210,4305.76,4234.22,4299.28
128,100,6361,6267,4307.25,4235.01,4301.44
129,100,6399,6304,4308.95,4235.47,4302.44
130,100,6456,6361,4309.95,4236.72,4303.99
131,100,6512,6418,4311.66,4237.38,4306.39
132,100,6550,6456,4308.82,4235.73,4301.68
133,100,6607,6512,4313.47,4238.73,4307.37
134,100,6645,6550,4314.40,4239.17,4308.78
135,100,6701,6607,4312.93,4238.29,4308.66
136,100,6758,6664,4316.03,4240.62,4311.47
137,100,6796,6701,4318.88,4241.93,4313.86
138,100,6853,6758,4320.48,4243.32,4315.53
139,100,6909,6815,4319.73,4242.70,4315.23
140,100,6947,6853,4321.59,4244.00,4316.81
141,100,7004,6909,4327.72,4248.01,4324.04
142,100,7061,6966,4329.75,4249.30,4326.34
143,100,7098,7080,4331.62,4249.98,4328.25
144,100,7155,7080,4333.10,4251.12,4330.38
145,100,7212,7117,4335.08,4252.21,4331.74
146,100,7250,7155,4335.63,4252.98,4332.25
147,100,7306,7212,4337.92,4254.13,4335.46
148,100,7363,7269,4340.06,4255.50,4336.63
149,100,7401,7306,4341.17,4256.12,4338.66
150,100,7458,7363,4342.40,4257.49,4339.83
151,100,7495,7401,4343.79,4257.96,4341.55
152,100,7552,7458,4346.39,4259.47,4343.90
153,100,7609,7514,4347.53,4260.62,4346.26
154,100,7647,7552,4349.43,4261.30,4347.52
155,100,7703,7609,4351.18,4262.68,4349.16
156,100,7760,7666,4352.67,4263.85,4351.05
157,100,7798,7703,4354.16,4264.60,4352.24
158,100,7855,7760,4355.26,4265.09,4353.22
159,100,7911,7817,4356.07,4265.90,4355.36
160,100,7949,7855,4358.50,4267.04,4356.92
161,100,8006,7911,4360.33,4268.67,4359.62
162,100,8063,7968,4362.15,4269.79,4361.19
163,100,8100,8006,4362.61,4270.34,4362.40
164,100,8157,8063,4365.03,4271.68,4364.96
165,100,8195,8100,4366.24,4272.62,4365.99
166,100,8252,8157,4368.04,4273.15,4367.26
167,100,8308,8214,4370.09,4274.72,4369.86
168,100,8346,8252,4372.90,4276.62,4372.94
169,100,8403,8308,4374.90,4277.66,4375.21
170,100,8459,8365,4375.85,4278.55,4376.14
171,100,8497,8403,4377.73,4279.24,4377.89
172,100,8554,8459,4379.20,4280.41,4379.47
173,100,8611,8516,4380.67,4281.01,4380.75
174,100,8649,8554,4381.82,4281.68,4381.88
175,100,8705,8611,4383.02,4282.52,4383.74
176,100,8762,8667,4385.28,4284.00,4385.81
177,100,8800,8705,4386.96,4285.11,4387.56
178,100,8856,8762,4388.83,4285.92,4389.75
179,100,8913,8819,4390.20,4287.04,4391.34
180,100,8951,8856,4391.55,4288.22,4392.65
181,100,9008,8913,4393.81,4288.94,4394.60
182,100,9064,8970,4395.91,4290.28,4396.73
183,100,9102,9008,4397.62,4291.35,4398.43
184,100,9159,9064,4398.75,4291.78,4399.43
185,100,9197,9102,4399.40,4292.33,4400.86
186,100,9253,9159,4401.89,4293.92,4402.56
187,100,9310,9216,4403.94,4295.21,4405.41
188,100,9348,9253,4404.73,4295.96,4406.09
189,100,9405,9310,4406.73,4297.27,4408.25
190,100,9461,9443,4409.58,4298.77,4411.25
191,100,9499,9443,4411.13,4298.90,4412.25
192,100,9556,9461,4411.95,4299.86,4413.68
193,100,9613,9518,4413.23,4300.83,4414.94
194,100,9650,9556,4414.17,4300.73,4415.78
195,100,9707,9613,4416.07,4302.51,4417.87
196,100,9764,9669,4418.43,4303.63,4420.06
197,100,9802,9707,4419.49,4304.31,4421.36
198,100,9858,9764,4421.23,4305.66,4423.54
199,100,9915,9821,4423.33,4306.79,4425.38
200,100,9953,9858,4424.66,4307.48,4426.59
201,100,10010,9915,4426.26,4308.27,4428.57
202,100,10047,9953,4428.24,4309.41,4430.44
203,100,10104,10010,4429.75,4310.42,4432.04
204,100,10161,10066,4431.71,4311.41,4434.25
205,100,10199,10104,4433.23,4312.46,4435.56
206,100,10255,10161,4434.57,4312.61,4436.85
207,100,10312,10218,4436.69,4314.59,4439.08
208,100,10350,10255,4437.11,4314.61,4439.30
209,100,10407,10312,4439.70,4316.08,4442.27
210,100,10463,10369,4441.03,4317.17,4443.52
211,100,10501,10407,4442.20,4318.20,4445.06
212,100,10558,10463,4444.06,4318.73,4446.81
213,100,10615,10520,4446.09,4320.13,4448.43
214,100,10652,10558,4447.50,4321.10,4449.81
215,100,10709,10615,4449.03,4321.56,4451.08
216,100,10747,10652,4450.12,4321.96,4452.81
217,100,10804,10709,4451.26,4323.35,4453.80
218,100,10860,10766,4452.73,4323.90,4455.66
219,100,10898,10804,4454.67,4324.80,4457.41
220,100,10955,10860,4455.46,4325.76,4458.04
221,100,11012,10917,4457.88,4327.29,4460.54
222,100,11049,10955,4459.32,4328.08,4462.33
223,100,11106,11012,4461.48,4329.61,4464.43
224,100,11163,11068,4463.71,4330.53,4465.96
225,100,11201,11106,4465.15,4331.10,4467.35
226,100,11257,11163,4466.92,4332.84,4470.38
227,100,11314,11219,4468.50,4333.61,4471.22
228,100,11352,11257,4469.59,4334.07,4472.53
229,100,11409,11314,4471.74,4334.91,4474.04
230,100,11465,11371,4472.59,4336.23,4475.54
231,100,11503,11409,4473.60,4336.70,4476.13
232,100,11560,11465,4475.61,4337.99,4477.54
233,100,11616,11522,4477.63,4339.33,4480.84
234,100,11654,11560,4478.86,4340.23,4481.68
235,100,11711,11616,4480.97,4341.22,4482.79
236,100,11749,11654,4480.82,4341.29,4483.61
237,100,11806,11806,4484.06,4343.26,4487.18
238,100,11862,11806,4485.16,4343.80,4487.02
239,100,11900,11806,4485.86,4344.77,4488.94
240,100,11957,11862,4488.43,4345.68,4490.44
241,100,12013,11919,4489.14,4346.55,4492.37
242,100,12051,11957,4491.83,4347.83,4494.36
243,100,12108,12013,4493.42,4348.83,4495.65
244,100,12165,12070,4494.72,4350.08,4497.62
245,100,12202,12108,4496.79,4351.15,4498.88
246,100,12259,12165,4497.58,4351.74,4500.95
247,100,12316,12221,4500.16,4353.39,4502.39
248,100,12354,12259,4501.14,4353.49,4503.67
249,100,12410,12316,4501.69,4354.27,4504.35
250,100,12448,12354,4503.28,4355.12,4505.42
251,100,12505,12410,4504.62,4356.24,4507.28
252,100,12562,12467,4506.72,4357.08,4509.22
253,100,12599,12505,4507.08,4357.38,4510.20
254,100,12656,12562,4509.81,4359.34,4511.87
255,100,12713,12618,4509.29,4358.90,4511.54
256,100,12751,12656,4509.96,4359.96,4513.17
257,100,12807,12713,4513.79,4362.51,4516.69
258,100,12864,12770,4516.14,4362.70,4518.09
259,100,12902,12807,4517.39,4364.23,4519.40
260,100,12959,12864,4519.98,4366.03,4522.48
261,100,13015,12921,4521.59,4366.55,4523.36
262,100,13053,12959,4523.62,4368.14,4526.25
263,100,13110,13015,4525.64,4369.38,4527.48
264,100,13148,13053,4526.94,4369.92,4528.42
265,100,13204,13110,4528.08,4371.05,4530.17
266,100,13261,13167,4529.91,4372.09,4531.59
267,100,13299,13204,4529.56,4372.04,4531.65
268,100,13356,13261,4532.52,4373.82,4533.95
269,100,13412,13318,4534.35,4375.43,4536.21
270,100,13450,13356,4534.83,4375.33,4536.34
271,100,13507,13412,4537.36,4376.96,4538.99
272,100,13564,13469,4538.88,4378.13,4540.89
273,100,13601,13507,4539.84,4378.58,4541.45
274,100,13658,13564,4541.45,4379.94,4543.28
275,100,13715,13620,4543.89,4381.06,4545.27
276,100,13753,13658,4545.53,4382.47,4547.10
277,100,13809,13715,4547.15,4383.35,4548.61
278,100,13866,13772,4549.33,4384.79,4550.50
279,100,13904,13809,4550.91,4386.03,4551.44
280,100,13961,13866,4552.19,4386.95,4553.58
281,100,14017,13923,4554.26,4388.00,4555.03
282,100,14055,13961,4555.12,4388.26,4555.64
283,100,14112,14017,4556.64,4389.27,4558.12
284,100,14150,14055,4557.96,4390.18,4558.89
285,100,14206,14169,4559.93,4391.51,4560.99
286,100,14263,14169,4561.63,4392.59,4562.81
287,100,14301,14206,4563.97,4393.99,4564.65
288,100,14358,14263,4558.18,4390.61,4559.65
289,100,14414,14320,4560.05,4392.08,4561.27
290,100,14452,14358,4561.66,4392.65,4563.07
291,100,14509,14414,4552.58,4387.15,4553.87
292,100,14565,14471,4567.06,4396.20,4568.23
293,100,14603,14509,4566.75,4396.14,4567.28
294,100,14660,14565,4568.16,4397.04,4569.17
295,100,14717,14622,4570.13,4398.23,4571.66
296,100,14755,14660,4571.68,4399.08,4572.07
297,100,14811,14717,4573.09,4400.80,4574.25
298,100,14868,14773,4574.53,4401.08,4574.61
299,100,14906,14811,4574.90,4401.68,4576.52
300,100,14962,14868,4576.02,4402.39,4576.52
301,100,15000,14906,4578.73,4404.14,4578.94
302,100,15057,14962,4580.58,4405.08,4580.69
303,100,15114,15019,4581.19,4405.50,4581.55
304,100,15152,15057,4583.24,4406.49,4583.15
305,100,15208,15114,4585.05,4408.00,4585.65
306,100,15265,15170,4586.30,4408.78,4587.01
307,100,15303,15208,4587.58,4409.34,4587.46
308,100,15359,15265,4589.39,4411.27,4590.36
309,100,15416,15322,4591.59,4412.03,4592.06
310,100,15454,15359,4592.15,4412.31,4592.34
311,100,15511,15416,4593.40,4413.30,4594.07
312,100,15567,15473,4595.34,4414.81,4596.00
313,100,15605,15511,4596.69,4415.67,4596.76
314,100,15662,15567,4598.19,4416.27,4598.41
315,100,15700,15605,4600.44,4417.89,4600.64
316,100,15756,15662,4601.26,4418.70,4602.08
317,100,15813,15719,4603.38,4419.72,4603.44
318,100,15851,15756,4606.26,4421.66,4607.12
319,100,15908,15813,4607.43,4422.35,4607.81
320,100,15964,15870,4607.52,4422.56,4607.91
321,100,16002,15908,4610.40,4424.13,4610.12
322,100,16059,15964,4612.41,4426.13,4613.05
323,100,16116,16021,4614.13,4426.89,4613.96
324,100,16153,16059,4615.72,4427.75,4615.23
325,100,16210,16116,4615.76,4428.16,4616.10
326,100,16267,16172,4618.44,4429.87,4618.90
327,100,16305,16210,4619.81,4430.50,4619.95
328,100,16361,16267,4620.57,4431.57,4620.58
329,100,16418,16324,4623.44,4432.86,4623.83
330,100,16456,16361,4626.17,4434.14,4626.02
331,100,16513,16418,4626.70,4434.92,4626.75
332,100,16569,16532,4628.72,4436.66,4629.20
333,100,16607,16532,4628.64,4435.60,4628.38
334,100,16664,16569,4630.44,4437.57,4630.59
335,100,16702,16607,4632.36,4438.99,4633.00
336,100,16758,16664,4619.03,4432.90,4618.38
337,100,16815,16721,4620.76,4433.43,4619.38
338,100,16853,16758,4621.30,4433.84,4620.79
339,100,16910,16815,4624.21,4435.58,4622.40
340,100,16966,16872,4625.65,4436.88,4624.96
341,100,17004,16910,4627.06,4437.31,4625.23
342,100,17061,16966,4627.56,4438.07,4626.20
343,100,17118,17023,4629.62,4439.14,4628.62
344,100,17155,17061,4630.88,4440.27,4629.47
345,100,17212,17118,4631.61,4440.43,4630.53
346,100,17269,17174,4634.81,4442.42,4633.38
347,100,17307,17212,4634.53,4442.33,4633.25
348,100,17363,17269,4636.67,4443.91,4635.65
349,100,17401,17307,4638.15,4444.70,4636.68
350,100,17458,17363,4640.27,4446.21,4638.88
351,100,17515,17420,4641.93,4447.33,4640.41
352,100,17552,17458,4643.19,4447.58,4641.60
353,100,17609,17515,4644.40,4448.83,4643.00
354,100,17666,17571,4645.45,4449.34,4643.87
355,100,17704,17609,4646.97,4450.24,4645.33
356,100,17760,17666,4649.03,4451.62,4647.26
357,100,17817,17722,4649.69,4452.52,4648.61
358,100,17855,17760,4651.97,4453.63,4650.86
359,100,17911,17817,4653.47,4454.57,4652.36
360,100,17968,17874,4654.94,4455.09,4653.35
361,100,18006,17911,4655.32,4455.97,4654.14
362,100,18063,17968,4656.55,4456.67,4655.67
363,100,18119,18025,4658.14,4457.81,4657.47
364,100,18157,18063,4660.13,4459.24,4658.74
365,100,18214,18119,4661.88,4460.44,4660.76
366,100,18252,18157,4664.63,4461.59,4663.53
367,100,18308,18214,4665.81,4462.89,4664.73
368,100,18365,18271,4666.82,4463.40,4666.03
369,100,18403,18308,4666.67,4463.59,4665.99
370,100,18460,18365,4667.67,4463.92,4666.92
371,100,18516,18422,4671.11,4465.89,4669.63
372,100,18554,18460,4673.32,4467.68,4672.79
373,100,18611,18516,4673.93,4468.10,4673.60
374,100,18668,18573,4676.37,4469.29,4675.22
375,100,18705,18611,4677.81,4470.51,4676.99
376,100,18762,18668,4680.63,4471.79,4679.89
377,100,18819,18724,4682.51,4473.17,4681.28
378,100,18857,18762,4682.93,4473.59,4682.20
379,100,18913,18895,4684.87,4474.92,4683.83
380,100,18970,18895,4685.61,4475.54,4685.37
381,100,19008,18913,4674.84,4468.52,4673.57
382,100,19065,18970,4687.87,4477.43,4687.78
383,100,19102,19008,4687.73,4476.27,4687.49
384,100,19159,19065,4689.68,4478.04,4689.32
385,100,19216,19121,4690.02,4478.04,4689.01
386,100,19254,19159,4691.48,4479.43,4691.21
387,100,19310,19216,4692.60,4480.55,4692.76
388,100,19367,19273,4693.18,4480.29,4692.39
389,100,19405,19310,4694.65,4480.92,4693.76
390,100,19462,19367,4695.78,4482.04,4695.81
391,100,19518,19424,4697.23,4483.09,4696.42
392,100,19556,19462,4695.95,4482.39,4695.83
393,100,19613,19518,4697.05,4482.68,4696.44
394,100,19670,19575,4698.16,4483.58,4698.03
395,100,19707,19613,4699.99,4484.81,4700.67
396,100,19764,19670,4702.13,4486.11,4701.60
397,100,19821,19726,4702.00,4486.47,4702.37
398,100,19859,19764,4703.56,4487.32,4703.37
399,100,19915,19821,4706.79,4488.95,4706.35
400,100,19953,19859,4707.62,4489.96,4707.36
401,100,20010,19915,4709.32,4490.46,4708.77
402,100,20067,19972,4709.54,4491.30,4709.89
403,100,20104,20010,4712.08,4491.85,4711.74
404,100,20161,20067,4713.43,4493.40,4713.64
405,100,20218,20123,4715.11,4494.67,4715.65
406,100,20256,20161,4715.58,4494.78,4715.39
407,100,20312,20218,4717.19,4495.60,4717.16
408,100,20369,20274,4718.86,4496.88,4718.71
409,100,20407,20312,4719.65,4497.47,4719.85
410,100,20464,20369,4721.77,4498.65,4722.15
411,100,20520,20426,4723.80,4500.03,4724.08
412,100,20558,20464,4724.60,4500.77,4725.30
413,100,20615,20520,4726.84,4501.80,4727.33
414,100,20671,20577,4728.47,4503.25,4728.58
415,100,20709,20615,4729.69,4503.81,4729.94
416,100,20766,20671,4729.88,4504.01,4730.62
417,100,20804,20709,4732.24,4505.56,4732.23
418,100,20861,20766,4732.26,4505.55,4733.05
419,100,20917,20823,4734.41,4506.93,4735.19
420,100,20955,20861,4736.25,4507.93,4737.22
421,100,21012,20917,4736.20,4508.20,4737.30
422,100,21068,20974,4742.33,4511.58,4742.59
423,100,21106,21012,4741.72,4512.07,4743.04
424,100,21163,21068,4745.19,4513.55,4746.06
425,100,21220,21125,4746.09,4514.29,4746.88
426,100,21258,21258,4747.11,4515.06,4747.98
427,100,21314,21258,4747.79,4515.27,4748.09
428,100,21371,21276,4748.38,4515.68,4749.08
429,100,21409,21314,4750.05,4517.29,4750.96
430,100,21465,21371,4752.66,4518.52,4754.04
431,100,21522,21428,4754.61,4519.92,4755.99
432,100,21560,21465,4757.75,4521.69,4758.83
433,100,21617,21522,4758.41,4522.31,4759.84
434,100,21654,21560,4758.32,4522.32,4759.68
435,100,21711,21617,4760.26,4523.41,4761.28
436,100,21768,21673,4763.19,4525.19,4764.73
437,100,21806,21711,4763.57,4525.49,4764.63
438,100,21862,21768,4766.08,4527.20,4767.12
439,100,21919,21825,4767.41,4527.71,4768.64
440,100,21957,21862,4768.52,4528.63,4769.87
441,100,22014,21919,4771.30,4529.95,4772.68
442,100,22070,21976,4771.35,4530.61,4772.62
443,100,22108,22014,4772.96,4531.56,4774.65
444,100,22165,22070,4773.14,4531.53,4774.42
445,100,22222,22127,4774.47,4532.85,4776.11
446,100,22259,22165,4776.32,4533.69,4778.15
447,100,22316,22222,4777.74,4534.59,4779.14
448,100,22354,22259,4778.53,4534.57,4779.91
449,100,22411,22316,4780.94,4536.50,4782.85
450,100,22467,22373,4783.62,4537.98,4785.39
451,100,22505,22411,4785.19,4538.89,4787.51
452,100,22562,22467,4786.67,4539.71,4788.52
453,100,22619,22524,4786.75,4539.99,4788.93
454,100,22656,22562,4788.03,4540.83,4790.22
455,100,22713,22619,4790.63,4542.82,4792.69
456,100,22770,22675,4790.16,4542.33,4791.92
457,100,22808,22713,4791.97,4543.29,4794.17
458,100,22864,22770,4793.37,4544.19,4795.93
459,100,22921,22827,4797.29,4547.05,4800.24
460,100,22959,22864,4799.05,4547.36,4800.42
461,100,23016,22921,4801.66,4549.58,4803.50
462,100,23072,22978,4803.15,4550.32,4805.42
463,100,23110,23016,4802.76,4550.18,4805.32
464,100,23167,23072,4804.40,4551.51,4807.06
465,100,23205,23110,4805.05,4551.72,4806.99
466,100,23261,23167,4807.10,4553.05,4809.54
467,100,23318,23224,4808.29,4554.14,4810.26
468,100,23356,23261,4810.73,4555.46,4813.52
469,100,23413,23318,4811.93,4555.92,4814.08
470,100,23469,23375,4812.96,4556.96,4815.69
471,100,23507,23413,4815.50,4557.78,4817.99
472,100,23564,23469,4816.47,4558.76,4819.18
473,100,23621,23621,4818.95,4560.59,4821.97
474,100,23658,23621,4821.06,4561.56,4823.73
475,100,23715,23621,4821.70,4562.06,4824.31
476,100,23772,23677,4822.72,4563.30,4825.90
477,100,23810,23715,4824.83,4564.27,4827.70
478,100,23866,23772,4825.98,4565.33,4829.17
479,100,23923,23828,4827.92,4566.27,4830.51
480,100,23961,23866,4828.89,4566.87,4831.89
481,100,24017,23923,4830.63,4567.92,4834.27
482,100,24055,23961,4831.56,4568.42,4834.56
483,100,24112,24017,4834.30,4570.74,4837.71
484,100,24169,24074,4836.64,4571.47,4839.80
485,100,24207,24112,4838.05,4572.46,4841.01
486,100,24263,24169,4837.34,4572.66,4840.67
487,100,24320,24225,4840.46,4573.91,4843.49
488,100,24358,24263,4840.35,4574.07,4843.74
489,100,24414,24320,4842.35,4575.43,4845.93
490,100,24471,24377,4844.42,4576.77,4848.10
491,100,24509,24414,4845.43,4577.19,4848.71
492,100,24566,24471,4846.85,4578.28,4850.52
493,100,24622,24528,4848.59,4579.15,4851.75
494,100,24660,24566,4848.64,4579.12,4851.24
495,100,24717,24622,4851.25,4581.07,4854.42
496,100,24774,24679,4854.87,4583.16,4858.49
497,100,24811,24717,4856.64,4584.29,4859.98
498,100,24868,24774,4858.24,4585.50,4861.66
499,100,24906,24811,4857.24,4585.08,4860.49
500,100,24963,24868,4859.71,4586.30,4862.61
501,100,25019,24925,4861.56,4587.81,4864.69
502,100,25057,24963,4863.66,4588.92,4867.78
503,100,25114,25019,4865.32,4590.04,4868.60
504,100,25171,25076,4867.13,4591.04,4870.31
505,100,25208,25114,4867.46,4591.30,4871.11
506,100,25265,25171,4870.26,4593.02,4874.02
507,100,25322,25227,4871.92,4594.20,4875.92
508,100,25360,25265,4871.01,4593.73,4874.76
509,100,25416,25322,4870.52,4593.22,4874.39
510,100,25473,25379,4873.53,4595.24,4877.44
511,100,25511,25416,4877.16,4597.52,4880.49
512,100,25568,25473,4877.96,4597.91,4882.22
513,100,25624,25530,4879.87,4598.96,4883.82
514,100,25662,25568,4880.12,4599.19,4883.51
515,100,25719,25624,4882.73,4600.64,4886.27
516,100,25757,25662,4884.27,4601.79,4887.46
517,100,25813,25719,4885.65,4602.86,4889.48
518,100,25870,25776,4886.04,4603.40,4890.32
519,100,25908,25813,4887.03,4603.87,4890.91
520,100,25965,25870,4890.02,4605.48,4893.98
521,100,26021,25984,4892.80,4607.35,4895.92
522,100,26059,25984,4893.78,4607.82,4897.64
523,100,26116,26021,4893.05,4607.90,4897.50
524,100,26173,26078,4895.51,4609.53,4899.41
525,100,26210,26116,4896.90,4609.56,4900.48
526,100,26267,26173,4898.58,4611.38,4902.49
527,100,26324,26229,4899.99,4612.15,4904.22
528,100,26362,26267,4899.41,4611.51,4903.49
529,100,26418,26324,4901.07,4612.83,4905.21
530,100,26475,26380,4903.05,4614.35,4907.50
531,100,26513,26418,4904.76,4615.10,4909.01
532,100,26570,26475,4906.48,4617.04,4911.10
533,100,26607,26513,4905.85,4615.95,4910.05
534,100,26664,26570,4909.05,4617.60,4912.64
535,100,26721,26626,4911.94,4619.89,4915.76
536,100,26759,26664,4913.22,4620.43,4917.63
537,100,26815,26721,4915.83,4622.21,4919.96
538,100,26872,26777,4917.06,4623.23,4921.25
539,100,26910,26815,4919.04,4624.14,4923.49
540,100,26967,26872,4920.53,4624.85,4924.59
541,100,27023,26929,4919.25,4625.38,4924.53
542,100,27061,26967,4921.44,4626.19,4925.61
543,100,27118,27023,4923.54,4627.08,4928.42
544,100,27174,27080,4925.13,4628.51,4930.12
545,100,27212,27118,4926.50,4628.96,4931.09
546,100,27269,27174,4927.49,4629.18,4931.63
547,100,27307,27212,4930.17,4631.55,4934.62
548,100,27363,27269,4932.45,4632.76,4936.38
549,100,27420,27326,4933.57,4633.55,4938.13
550,100,27458,27363,4934.56,4634.53,4939.41
551,100,27515,27420,4935.64,4635.10,4940.05
552,100,27571,27477,4935.71,4634.94,4940.29
553,100,27609,27515,4938.41,4636.44,4943.04
554,100,27666,27571,4941.30,4638.46,4945.69
555,100,27723,27628,4943.78,4639.93,4948.09
556,100,27760,27666,4943.79,4639.82,4948.13
557,100,27817,27723,4945.10,4641.12,4949.81
558,100,27874,27779,4946.88,4642.69,4952.15
559,100,27912,27817,4945.95,4641.15,4950.17
560,100,27968,27874,4947.80,4642.96,4952.94
561,100,28025,27931,4950.36,4644.74,4955.35
562,100,28063,27968,4952.82,4646.41,4957.91
563,100,28120,28025,4954.41,4647.31,4959.28
564,100,28176,28082,4935.66,4635.08,4939.80
565,100,28214,28120,4955.60,4647.94,4960.90
566,100,28271,28176,4958.30,4649.46,4962.60
567,100,28309,28214,4961.16,4651.53,4965.85
568,100,28365,28347,4962.44,4652.70,4967.25
569,100,28422,28347,4962.11,4651.74,4967.23
570,100,28460,28365,4964.50,4653.02,4969.21
571,100,28517,28422,4965.70,4654.22,4970.48
572,100,28573,28479,4968.69,4656.22,4972.70
573,100,28611,28517,4969.57,4657.11,4974.66
574,100,28668,28573,4970.43,4657.14,4974.80
575,100,28725,28630,4970.98,4657.63,4975.88
576,100,28762,28668,4970.56,4657.99,4975.59
577,100,28819,28725,4972.91,4658.60,4977.09
578,100,28876,28781,4975.20,4660.51,4980.05
579,100,28914,28819,4976.51,4661.01,4981.44
580,100,28970,28876,4977.90,4662.49,4983.25
581,100,29008,28914,4979.02,4662.91,4984.05
582,100,29065,28970,4979.30,4662.99,4983.89
583,100,29122,29027,4981.78,4664.70,4987.16
584,100,29159,29065,4982.93,4665.52,4988.02
585,100,29216,29122,4986.75,4667.68,4991.50
586,100,29273,29178,4989.85,4669.94,4994.67
587,100,29311,29216,4989.73,4669.34,4994.51
588,100,29367,29273,4988.86,4669.58,4994.27
589,100,29424,29330,4990.73,4670.35,4995.45
590,100,29462,29367,4990.85,4670.02,4995.43
591,100,29519,29424,4993.58,4671.98,4998.32
592,100,29575,29481,4997.37,4674.95,5002.28
593,100,29613,29519,4996.77,4674.07,5001.93
594,100,29670,29575,4998.74,4675.77,5003.99
595,100,29726,29632,4998.86,4675.84,5003.80
596,100,29764,29670,5000.98,4677.03,5006.17
597,100,29821,29726,5002.88,4678.50,5008.07
598,100,29859,29764,5003.01,4678.35,5008.03
599,100,29916,29821,5007.60,4681.28,5013.04
600,100,29972,29878,5010.96,4682.99,5015.61
601,100,30010,29916,5011.30,4683.65,5016.83
602,100,30067,29972,5011.67,4684.07,5016.80
603,100,30123,30029,5013.25,4684.84,5018.38
604,100,30161,30067,5015.58,4686.22,5020.10
605,100,30218,30123,5016.87,4687.31,5022.69
606,100,30275,30180,5017.71,4687.94,5022.49
607,100,30313,30218,5020.55,4689.52,5025.53
608,100,30369,30275,5021.69,4690.25,5026.84
609,100,30426,30331,5023.51,4691.61,5028.67
610,100,30464,30369,5025.35,4693.46,5031.22
611,100,30520,30426,5026.96,4693.81,5032.65
612,100,30577,30483,5029.82,4695.18,5034.24
613,100,30615,30520,5031.85,4697.04,5036.63
614,100,30672,30577,5031.08,4696.44,5036.01
615,100,30710,30710,5035.92,4699.10,5040.82
616,100,30766,30710,5035.03,4698.63,5040.05
617,100,30823,30728,5035.90,4699.81,5041.18
618,100,30861,30766,5036.03,4699.85,5041.31
619,100,30917,30823,5038.03,4700.93,5043.20
620,100,30974,30880,5039.96,4701.92,5044.58
621,100,31012,30917,5038.87,4701.45,5043.70
622,100,31069,30974,5040.91,4702.58,5045.68
623,100,31125,31031,5042.27,4703.86,5047.86
624,100,31163,31069,5041.16,4703.29,5046.34
625,100,31220,31125,5044.01,4705.28,5049.05
626,100,31277,31182,5046.84,4706.45,5051.98
627,100,31314,31220,5044.80,4705.39,5049.62
628,100,31371,31277,5047.56,4707.23,5052.78
629,100,31428,31333,5049.51,4708.97,5054.69
630,100,31466,31371,5051.90,4709.75,5056.13
631,100,31522,31428,5053.40,4710.87,5058.59
632,100,31560,31466,5054.72,4711.64,5060.01
633,100,31617,31522,5056.94,4713.18,5062.32
634,100,31674,31579,5058.60,4713.96,5063.38
635,100,31711,31617,5059.06,4714.81,5064.36
636,100,31768,31674,5060.11,4715.57,5065.80
637,100,31825,31730,5063.65,4717.71,5068.70
638,100,31863,31768,5065.13,4718.73,5070.63
639,100,31919,31825,5067.09,4719.99,5072.38
640,100,31976,31882,5068.87,4720.89,5073.80
641,100,32014,31919,5069.27,4720.77,5073.78
642,100,32071,31976,5071.32,4722.49,5076.15
643,100,32127,32033,5072.97,4723.34,5077.82
644,100,32165,32071,5074.86,4724.73,5080.14
645,100,32222,32127,5076.20,4725.51,5081.40
646,100,32260,32165,5076.43,4725.78,5081.56
647,100,32316,32222,5080.31,4728.05,5084.64
648,100,32373,32279,5082.72,4729.73,5087.66
649,100,32411,32316,5082.57,4729.37,5087.25
650,100,32468,32373,5083.92,4730.72,5089.63
651,100,32524,32430,5085.88,4732.15,5091.15
652,100,32562,32468,5085.82,4731.99,5091.10
653,100,32619,32524,5087.30,4732.71,5092.70
654,100,32676,32581,5090.22,4734.59,5095.32
655,100,32713,32619,5089.46,4734.20,5094.67
656,100,32770,32676,5091.38,4735.70,5096.74
657,100,32827,32732,5092.82,4736.33,5097.60
658,100,32865,32770,5094.19,4737.21,5099.27
659,100,32921,32827,5096.65,4738.61,5101.42
660,100,32978,32883,5099.92,4740.61,5104.47
661,100,33016,32921,5099.77,4741.06,5105.04
662,100,33073,33073,5101.26,4741.73,5106.37
663,100,33129,33073,5105.44,4743.96,5109.86
664,100,33167,33073,5107.04,4745.61,5111.52
665,100,33224,33129,5109.31,4747.13,5113.90
666,100,33262,33167,5109.80,4747.19,5114.71
667,100,33318,33224,5110.56,4747.45,5115.65
668,100,33375,33280,5111.29,4748.05,5116.00
669,100,33413,33318,5111.67,4748.47,5117.21
670,100,33469,33375,5112.33,4748.87,5117.39
671,100,33526,33432,5115.53,4750.76,5119.82
672,100,33564,33469,5115.25,4750.42,5119.85
673,100,33621,33526,5117.30,4752.40,5122.44
674,100,33677,33583,5119.67,4753.79,5124.22
675,100,33715,33621,5120.33,4753.96,5125.25
676,100,33772,33677,5119.81,4753.96,5125.60
677,100,33829,33734,5123.40,4756.21,5128.30
678,100,33866,33772,5124.16,4756.49,5129.24
679,100,33923,33829,5126.12,4757.70,5130.99
680,100,33961,33866,5128.02,4758.89,5132.54
681,100,34018,33923,5128.19,4759.24,5133.16
682,100,34074,33980,5129.71,4760.23,5134.62
683,100,34112,34018,5131.71,4761.46,5136.42
684,100,34169,34074,5133.36,4762.99,5138.51
685,100,34226,34131,5135.13,4763.99,5140.38
686,100,34263,34169,5134.89,4764.17,5140.20
687,100,34320,34226,5137.50,4764.68,5141.87
688,100,34377,34282,5138.79,4765.51,5143.27
689,100,34415,34320,5139.10,4766.00,5143.99
690,100,34471,34377,5138.97,4766.40,5143.92
691,100,34528,34434,5141.39,4767.70,5146.31
692,100,34566,34471,5143.52,4769.35,5148.31
693,100,34623,34528,5147.50,4771.78,5152.28
694,100,34679,34585,5148.48,4772.22,5153.11
695,100,34717,34623,5150.44,4773.87,5155.21
696,100,34774,34679,5150.66,4774.10,5155.88
697,100,34812,34717,5151.76,4774.96,5156.68
698,100,34868,34774,5154.20,4776.18,5158.67
699,100,34925,34831,5155.26,4776.25,5159.28
700,100,34963,34868,5156.14,4777.25,5160.98
701,100,35020,34925,5157.80,4778.36,5162.04
702,100,35076,34982,5157.21,4778.70,5162.75
703,100,35114,35020,5159.89,4779.64,5164.77
704,100,35171,35076,5160.31,4779.90,5164.47
705,100,35228,35133,5163.67,4782.44,5168.42
706,100,35265,35171,5162.18,4781.49,5167.21
707,100,35322,35228,5163.71,4782.10,5168.38
708,100,35379,35284,5167.13,4784.54,5171.43
709,100,35417,35322,5169.68,4785.78,5174.98
710,100,35473,35436,5171.72,4787.46,5176.35
711,100,35530,35436,5171.90,4787.27,5176.08
712,100,35568,35473,5171.96,4787.62,5176.60
713,100,35625,35530,5173.97,4789.02,5178.87
714,100,35662,35568,5174.16,4789.11,5178.73
715,100,35719,35625,5177.81,4791.36,5182.44
716,100,35776,35681,5177.95,4791.63,5183.07
717,100,35814,35719,5180.74,4793.74,5184.85
718,100,35870,35776,5181.93,4793.73,5185.62
719,100,35927,35832,5182.58,4794.44,5186.87
720,100,35965,35870,5185.07,4795.92,5189.67
721,100,36022,35927,5187.47,4797.61,5192.11
722,100,36078,35984,5187.86,4797.68,5192.73
723,100,36116,36022,5188.66,4798.38,5193.28
724,100,36173,36078,5193.69,4801.60,5197.91
725,100,36229,36135,5193.38,4801.42,5197.65
726,100,36267,36173,5193.26,4801.74,5197.86
727,100,36324,36229,5195.67,4802.43,5200.09
728,100,36381,36286,5199.39,4805.41,5203.70
729,100,36419,36324,5199.77,4805.68,5204.17
730,100,36475,36381,5199.38,4805.23,5203.92
731,100,36513,36419,5201.85,4807.11,5206.28
732,100,36570,36475,5204.12,4808.41,5208.64
733,100,36626,36532,5203.70,4808.02,5208.01
734,100,36664,36570,5206.32,4809.84,5210.63
735,100,36721,36626,5208.38,4811.19,5212.32
736,100,36778,36683,5208.25,4811.31,5212.82
737,100,36815,36721,5212.60,4813.98,5217.09
738,100,36872,36778,5211.46,4812.79,5215.40
739,100,36929,36834,5215.45,4815.45,5219.67
740,100,36967,36872,5214.84,4814.72,5218.74
741,100,37023,36929,5215.87,4815.58,5220.17
742,100,37080,36986,5216.83,4816.76,5221.09
743,100,37118,37023,5215.47,4815.92,5219.90
744,100,37175,37080,5217.50,4817.12,5221.69
745,100,37231,37137,5220.21,4818.94,5223.80
746,100,37269,37175,5222.60,4820.01,5226.98
747,100,37326,37231,5224.19,4821.44,5228.69
748,100,37364,37269,5226.03,4822.58,5230.24
749,100,37420,37326,5228.25,4823.87,5232.26
750,100,37477,37383,5229.50,4824.43,5233.23
751,100,37515,37420,5229.52,4824.96,5233.94
752,100,37572,37477,5230.92,4825.61,5234.98
753,100,37628,37534,5233.78,4827.55,5238.04
754,100,37666,37572,5236.85,4829.70,5240.65
755,100,37723,37628,5236.52,4829.83,5241.01
756,100,37780,37685,5238.99,4830.98,5243.31
757,100,37817,37799,5237.63,4830.07,5241.52
758,100,37874,37799,5238.84,4831.04,5242.86
759,100,37931,37836,5242.55,4832.84,5246.77
760,100,37969,37874,5244.55,4834.38,5249.27
761,100,38025,37931,5244.87,4835.17,5249.06
762,100,38082,37988,5245.64,4835.21,5249.28
763,100,38120,38025,5247.58,4836.58,5251.78
764,100,38177,38082,5248.54,4837.19,5252.50
765,100,38214,38120,5249.21,4837.67,5253.38
766,100,38271,38177,5253.13,4839.79,5257.01
767,100,38328,38233,5253.48,4840.34,5257.75
768,100,38366,38271,5256.36,4841.88,5259.86
769,100,38422,38328,5257.98,4843.04,5261.84
770,100,38479,38385,5259.02,4843.59,5262.83
771,100,38517,38422,5259.08,4844.30,5262.92
772,100,38574,38479,5262.18,4846.03,5266.31
773,100,38630,38536,5262.28,4846.18,5266.91
774,100,38668,38574,5265.02,4848.01,5269.29
775,100,38725,38630,5266.70,4848.54,5270.75
776,100,38782,38687,5267.58,4849.50,5271.05
777,100,38819,38725,5265.29,4847.93,5269.18
778,100,38876,38782,5267.22,4849.19,5270.97
779,100,38914,38819,5268.15,4849.78,5271.90
780,100,38971,38876,5269.61,4850.98,5273.96
781,100,39027,38933,5276.16,4854.55,5279.85
782,100,39065,38971,5277.29,4855.51,5280.67
783,100,39122,39027,5279.52,4857.29,5282.99
784,100,39178,39084,5279.58,4857.32,5283.24
785,100,39216,39122,5280.97,4857.96,5285.06
786,100,39273,39178,5280.13,4857.36,5283.71
787,100,39330,39235,5283.11,4859.09,5286.45
788,100,39368,39273,5283.74,4859.78,5287.53
789,100,39424,39330,5288.79,4863.15,5292.60
790,100,39481,39386,5292.25,4865.21,5295.79
791,100,39519,39424,5292.31,4865.57,5296.28
792,100,39575,39481,5293.55,4866.14,5297.35
793,100,39632,39538,5294.97,4866.75,5298.55
794,100,39670,39575,5295.91,4867.15,5298.88
795,100,39727,39632,5295.63,4867.75,5299.75
796,100,39783,39689,5299.59,4869.96,5302.75
797,100,39821,39727,5300.64,4870.91,5304.53
798,100,39878,39783,5302.46,4871.72,5306.08
799,100,39916,39821,5306.07,4874.12,5309.70
800,100,39972,39878,5306.16,4875.05,5310.17
801,100,40029,39935,5303.29,4872.27,5307.31
802,100,40067,39972,5306.94,4875.01,5311.01
803,100,40124,40029,5309.67,4877.01,5313.59
804,100,40180,40162,5312.55,4878.37,5316.99
805,100,40218,40162,5311.31,4877.50,5314.47
806,100,40275,40180,5313.88,4878.82,5316.82
807,100,40332,40237,5315.37,4880.66,5318.93
808,100,40369,40275,5316.28,4880.38,5319.57
809,100,40426,40332,5319.64,4883.11,5322.67
810,100,40483,40388,5324.43,4886.11,5328.35
811,100,40521,40426,5326.17,4886.98,5329.31
812,100,40577,40483,5327.65,4888.28,5331.07
813,100,40615,40521,5327.06,4888.06,5331.36
814,100,40672,40577,5331.16,4890.03,5333.74
815,100,40729,40634,5330.79,4890.09,5334.17
816,100,40766,40672,5331.77,4890.39,5335.61
817,100,40823,40729,5336.14,4893.32,5339.12
818,100,40880,40785,5336.87,4894.14,5339.59
819,100,40918,40823,5336.14,4894.17,5339.95
820,100,40974,40880,5337.40,4894.08,5339.90
821,100,41031,40937,5340.11,4895.78,5343.23
822,100,41069,40974,5339.59,4895.50,5342.94
823,100,41126,41031,5339.26,4896.04,5343.10
824,100,41182,41088,5341.66,4897.13,5344.27
825,100,41220,41126,5338.86,4895.99,5343.07
826,100,41277,41182,5341.92,4897.45,5345.10
827,100,41334,41239,5342.74,4897.77,5345.89
828,100,41371,41277,5344.23,4899.14,5347.51
829,100,41428,41334,5344.88,4899.61,5348.19
830,100,41466,41371,5347.75,4901.00,5350.98
831,100,41523,41428,5348.87,4901.84,5352.24
832,100,41579,41485,5351.95,4903.63,5355.11
833,100,41617,41523,5353.05,4904.84,5356.24
834,100,41674,41579,5323.77,4886.13,5327.45
835,100,41731,41636,5354.79,4905.63,5357.94
836,100,41768,41674,5354.48,4905.47,5357.58
837,100,41825,41731,5358.56,4907.90,5362.03
838,100,41882,41787,5362.54,4910.51,5365.28
839,100,41920,41825,5362.24,4910.16,5364.95
840,100,41976,41882,5361.81,4909.93,5365.04
841,100,42033,41938,5365.97,4912.98,5369.36
842,100,42071,41976,5368.70,4914.45,5371.89
843,100,42128,42033,5370.75,4915.75,5373.63
844,100,42184,42090,5371.45,4916.23,5374.58
845,100,42222,42128,5373.21,4917.69,5376.23
846,100,42279,42184,5374.66,4918.08,5377.31
847,100,42317,42222,5371.60,4916.73,5374.49
848,100,42373,42279,5374.09,4918.06,5376.83
849,100,42430,42335,5376.20,4919.47,5379.25
850,100,42468,42373,5378.14,4920.82,5380.77
851,100,42525,42525,5381.47,4922.74,5384.39
852,100,42581,42525,5382.25,4923.26,5385.87
853,100,42619,42525,5384.61,4924.81,5387.97
854,100,42676,42581,5387.82,4926.89,5391.11
855,100,42732,42638,5387.49,4927.19,5391.05
856,100,42770,42676,5388.16,4927.12,5391.06
857,100,42827,42732,5388.91,4927.61,5391.84
858,100,42884,42789,5392.28,4930.13,5395.81
859,100,42921,42827,5391.42,4929.56,5394.72
860,100,42978,42884,5393.01,4930.40,5395.85
861,100,43035,42940,5397.54,4933.14,5400.73
862,100,43073,42978,5397.81,4933.18,5401.03
863,100,43129,43035,5400.09,4934.64,5402.82
864,100,43167,43073,5399.10,4934.57,5403.18
865,100,43224,43129,5399.36,4934.54,5402.44
866,100,43281,43186,5403.14,4936.95,5406.32
867,100,43318,43224,5405.54,4938.30,5407.79
868,100,43375,43281,5408.15,4939.65,5410.82
869,100,43432,43337,5411.45,4942.09,5413.62
870,100,43470,43375,5413.71,4943.30,5415.94
871,100,43526,43432,5414.27,4943.59,5417.02
872,100,43583,43489,5416.60,4945.69,5419.77
873,100,43621,43526,5417.21,4945.45,5419.76
874,100,43678,43583,5418.49,4946.83,5421.38
875,100,43734,43640,5416.99,4945.92,5420.37
876,100,43772,43678,5418.69,4946.66,5421.25
877,100,43829,43734,5420.93,4948.16,5424.06
878,100,43867,43772,5422.07,4949.18,5424.92
879,100,43923,43829,5420.90,4948.59,5424.25
880,100,43980,43886,5422.43,4948.66,5424.44
881,100,44018,43923,5421.43,4948.41,5424.15
882,100,44075,43980,5423.46,4950.00,5426.19
883,100,44131,44037,5424.97,4950.78,5427.93
884,100,44169,44075,5428.10,4952.29,5430.55
885,100,44226,44131,5430.08,4953.77,5433.03
886,100,44283,44188,5431.10,4954.58,5433.99
887,100,44320,44226,5432.19,4955.00,5434.46
888,100,44377,44283,5433.16,4956.26,5436.18
889,100,44434,44339,5434.00,4956.44,5436.56
890,100,44472,44377,5437.65,4958.91,5440.61
891,100,44528,44434,5437.52,4958.92,5440.58
892,100,44585,44491,5438.91,4960.02,5441.33
893,100,44623,44528,5441.25,4961.17,5443.86
894,100,44680,44585,5440.50,4961.01,5443.15
895,100,44736,44642,5441.99,4961.83,5444.36
896,100,44774,44680,5439.56,4960.36,5442.06
897,100,44831,44736,5446.75,4965.23,5449.17
898,100,44869,44774,5446.19,4964.60,5449.02
899,100,44925,44888,5449.35,4966.39,5451.82
900,100,44982,44888,5452.15,4968.09,5454.52
901,100,45020,44925,5450.87,4967.36,5452.97
902,100,45077,44982,5453.97,4968.99,5455.36
903,100,45133,45039,5455.85,4970.49,5458.60
904,100,45171,45077,5458.52,4972.24,5461.02
905,100,45228,45133,5458.62,4972.38,5461.22
906,100,45284,45190,5458.96,4972.80,5461.60
907,100,45322,45228,5461.27,4974.50,5464.33
908,100,45379,45284,5465.80,4976.70,5467.71
909,100,45436,45341,5465.24,4977.04,5467.61
910,100,45474,45379,5469.25,4979.07,5471.75
911,100,45530,45436,5471.00,4980.42,5473.44
912,100,45568,45474,5469.50,4979.74,5472.33
913,100,45625,45530,5471.94,4981.13,5474.21
914,100,45681,45587,5473.34,4982.32,5476.00
915,100,45719,45625,5474.82,4982.57,5476.66
916,100,45776,45681,5475.59,4983.53,5477.89
917,100,45833,45738,5477.79,4984.69,5480.29
918,100,45871,45776,5478.22,4985.37,5481.31
919,100,45927,45833,5477.84,4985.05,5480.78
920,100,45984,45889,5479.37,4985.57,5481.76
921,100,46022,45927,5481.29,4987.16,5483.50
922,100,46078,45984,5481.36,4987.04,5484.11
923,100,46135,46041,5483.34,4988.29,5485.78
924,100,46173,46078,5452.92,4969.12,5455.95
925,100,46230,46135,5485.20,4989.81,5488.08
926,100,46286,46192,5486.51,4990.38,5488.91
927,100,46324,46230,5490.93,4993.47,5493.67
928,100,46381,46286,5492.92,4995.15,5496.26
929,100,46419,46324,5495.86,4996.58,5498.92
930,100,46475,46381,5497.61,4997.60,5500.01
931,100,46532,46438,5497.30,4998.13,5500.03
932,100,46570,46475,5500.16,4999.28,5502.71
933,100,46627,46532,5503.36,5001.23,5505.53
934,100,46683,46589,5501.85,5000.42,5505.03
935,100,46721,46627,5505.46,5002.66,5507.71
936,100,46778,46683,5506.72,5003.83,5509.51
937,100,46835,46740,5508.30,5004.53,5510.86
938,100,46872,46778,5508.92,5004.55,5511.59
939,100,46929,46835,5509.70,5005.51,5512.43
940,100,46986,46891,5513.87,5008.03,5516.21
941,100,47024,46929,5512.51,5007.28,5514.58
942,100,47080,46986,5514.42,5008.25,5516.51
943,100,47137,47043,5516.69,5010.10,5518.94
944,100,47175,47080,5516.89,5010.03,5519.35
945,100,47232,47137,5518.65,5011.32,5521.37
946,100,47269,47251,5521.49,5012.73,5523.55
947,100,47326,47251,5520.89,5012.78,5523.87
948,100,47383,47288,5525.70,5015.46,5527.74
949,100,47421,47326,5528.13,5017.20,5530.75
950,100,47477,47383,5528.86,5017.97,5531.39
951,100,47534,47440,5528.82,5018.05,5531.65
952,100,47572,47477,5532.44,5020.13,5534.71
953,100,47629,47534,5532.32,5020.31,5535.02
954,100,47685,47591,5534.39,5021.47,5536.94
955,100,47723,47629,5536.14,5022.32,5538.72
956,100,47780,47685,5538.20,5023.63,5540.21
957,100,47837,47742,5539.58,5023.96,5541.55
958,100,47874,47780,5539.37,5024.49,5541.73
959,100,47931,47837,5539.05,5024.56,5541.51
960,100,47988,47893,5542.73,5026.55,5545.22
961,100,48026,47931,5545.22,5028.33,5547.50
962,100,48082,47988,5547.14,5029.66,5549.48
963,100,48120,48026,5549.15,5030.98,5551.86
964,100,48177,48082,5552.17,5032.89,5554.74
965,100,48234,48139,5553.10,5033.04,5555.36
966,100,48271,48177,5548.38,5030.15,5550.38
967,100,48328,48234,5552.58,5032.90,5554.83
968,100,48385,48290,5555.32,5034.88,5557.74
969,100,48423,48328,5557.17,5035.94,5559.65
970,100,48479,48385,5555.81,5034.95,5558.15
971,100,48536,48441,5559.50,5037.55,5561.81
972,100,48574,48479,5561.13,5038.26,5562.99
973,100,48630,48536,5560.43,5038.39,5562.65
974,100,48687,48593,5565.49,5041.69,5567.90
975,100,48725,48630,5563.28,5040.66,5566.13
976,100,48782,48687,5565.23,5041.42,5567.13
977,100,48838,48744,5568.41,5042.88,5570.66
978,100,48876,48782,5570.34,5044.47,5572.66
979,100,48933,48838,5569.75,5043.78,5571.73
980,100,48971,48876,5571.84,5045.59,5574.50
981,100,49027,48933,5576.91,5048.70,5579.74
982,100,49084,48990,5577.48,5048.87,5579.83
983,100,49122,49027,5575.95,5048.02,5578.51
984,100,49179,49084,5577.48,5049.26,5579.73
985,100,49235,49141,5576.44,5048.49,5579.64
986,100,49273,49179,5579.02,5050.22,5581.90
987,100,49330,49235,5579.67,5050.83,5581.84
988,100,49387,49292,5581.83,5052.28,5584.20
989,100,49424,49330,5583.27,5052.91,5585.60
990,100,49481,49387,5584.37,5053.79,5587.14
991,100,49538,49443,5587.15,5055.15,5589.51
992,100,49576,49481,5586.64,5054.87,5589.13
993,100,49632,49614,5589.90,5057.16,5592.21
994,100,49689,49614,5590.51,5057.57,5593.09
995,100,49727,49632,5593.70,5059.43,5595.92
996,100,49784,49689,5595.63,5061.11,5598.22
997,100,49821,49727,5597.30,5061.92,5599.72
998,100,49878,49784,5596.47,5061.03,5598.57
999,100,49935,49840,5598.08,5062.52,5600.71
1000,100,49973,49878,5598.74,5063.04,5601.61
1001,100,50029,49935,5589.00,5056.24,5591.22
1002,100,50086,49992,5601.52,5064.92,5604.50
1003,100,50124,50029,5601.35,5064.85,5604.04
1004,100,50181,50086,5603.88,5066.48,5605.62
1005,100,50237,50143,5603.07,5065.39,5605.44
1006,100,50275,50181,5606.86,5067.79,5608.92
1007,100,50332,50237,5609.22,5069.66,5611.83
1008,100,50389,50294,5610.00,5070.41,5612.36
1009,100,50426,50332,5613.84,5072.77,5616.80
1010,100,50483,50389,5615.44,5073.60,5617.49
1011,100,50521,50426,5616.01,5074.28,5618.50
1012,100,50578,50483,5617.55,5075.30,5620.14
1013,100,50634,50540,5621.41,5077.26,5623.76
1014,100,50672,50578,5619.75,5076.52,5621.85
1015,100,50729,50634,5587.40,5056.45,5590.08
1016,100,50786,50691,5621.75,5077.79,5624.16
1017,100,50823,50729,5624.83,5079.30,5627.37
1018,100,50880,50786,5624.10,5079.46,5626.68
1019,100,50937,50842,5627.68,5081.58,5630.25
1020,100,50975,50880,5630.02,5083.15,5632.52
1021,100,51031,50937,5632.29,5084.45,5634.14
1022,100,51088,50993,5638.89,5088.31,5640.47
1023,100,51126,51031,5625.05,5079.97,5627.75
1024,100,51183,51088,5621.47,5077.84,5623.97
1025,100,51239,51145,5621.97,5077.88,5623.73
1026,100,51277,51183,5628.58,5082.05,5631.01
1027,100,51334,51239,5632.90,5084.99,5635.32
1028,100,51390,51296,5633.21,5084.92,5635.61
1029,100,51428,51334,5634.93,5086.36,5637.76
1030,100,51485,51390,5635.38,5086.74,5637.97
1031,100,51523,51428,5634.04,5085.94,5636.22
1032,100,51580,51485,5638.84,5089.15,5641.58
1033,100,51636,51542,5643.82,5092.20,5646.17
1034,100,51674,51580,5641.94,5091.10,5643.93
1035,100,51731,51636,5641.15,5090.28,5643.43
1036,100,51787,51693,5640.17,5089.94,5643.40
1037,100,51825,51731,5646.52,5093.86,5649.42
1038,100,51882,51787,5647.61,5094.83,5649.79
1039,100,51939,51844,5646.63,5093.79,5648.48
1040,100,51977,51977,5652.19,5097.47,5654.11
1041,100,52033,51977,5652.65,5097.88,5655.43
1042,100,52090,51995,5652.59,5098.06,5654.88
1043,100,52128,52033,5657.99,5101.08,5660.37
1044,100,52184,52090,5656.79,5100.71,5659.03
1045,100,52222,52128,5655.01,5099.10,5657.28
1046,100,52279,52184,5660.07,5102.68,5662.90
1047,100,52336,52241,5660.84,5103.23,5663.44
1048,100,52373,52279,5662.34,5104.39,5664.97
1049,100,52430,52336,5658.23,5101.28,5660.36
1050,100,52487,52392,5661.26,5103.50,5663.64
1051,100,52525,52430,5657.06,5100.70,5659.53
1052,100,52581,52487,5664.86,5105.82,5666.78
1053,100,52638,52544,5666.20,5106.54,5667.60
1054,100,52676,52581,5668.37,5107.98,5670.30
1055,100,52733,52638,5672.60,5110.46,5674.91
1056,100,52789,52695,5674.38,5111.87,5677.24
1057,100,52827,52733,5673.73,5111.13,5676.24
1058,100,52884,52789,5674.91,5112.16,5677.58
1059,100,52941,52846,5677.63,5114.02,5680.38
1060,100,52978,52884,5677.30,5113.87,5679.78
1061,100,53035,52941,5680.25,5115.88,5682.84
1062,100,53073,52978,5685.29,5118.54,5687.24
1063,100,53130,53035,5687.59,5120.32,5690.31
1064,100,53186,53092,5690.49,5122.24,5693.46
1065,100,53224,53130,5689.53,5121.59,5691.69
1066,100,53281,53186,5689.18,5120.92,5691.89
1067,100,53338,53243,5692.59,5123.51,5695.09
1068,100,53375,53281,5695.12,5125.50,5697.74
1069,100,53432,53338,5696.22,5125.83,5698.34
1070,100,53489,53394,5697.80,5126.52,5699.56
1071,100,53527,53432,5698.64,5127.43,5701.14
1072,100,53583,53489,5699.81,5128.03,5702.34
1073,100,53640,53546,5701.07,5128.61,5703.44
1074,100,53678,53583,5704.34,5131.32,5707.06
1075,100,53735,53640,5702.68,5129.78,5705.05
1076,100,53791,53697,5707.44,5132.75,5710.19
1077,100,53829,53735,5708.37,5134.07,5711.03
1078,100,53886,53791,5710.55,5134.94,5712.93
1079,100,53924,53829,5709.60,5134.20,5711.59
1080,100,53980,53886,5710.91,5135.30,5713.37
1081,100,54037,53943,5713.64,5137.07,5715.43
1082,100,54075,53980,5714.31,5137.59,5716.75
1083,100,54132,54037,5717.71,5139.84,5720.35
1084,100,54188,54094,5724.56,5143.69,5726.16
1085,100,54226,54132,5721.19,5141.81,5723.27
1086,100,54283,54188,5724.11,5143.99,5725.88
1087,100,54340,54340,5727.34,5145.71,5729.72
1088,100,54377,54340,5728.11,5146.03,5730.06
1089,100,54434,54340,5733.01,5149.31,5735.08
1090,100,54491,54396,5731.07,5147.99,5733.50
1091,100,54529,54434,5734.78,5150.13,5736.48
1092,100,54585,54491,5738.06,5152.73,5740.23
1093,100,54642,54547,5740.29,5154.25,5742.98
1094,100,54680,54585,5739.29,5153.23,5741.59
1095,100,54736,54642,5739.79,5153.64,5741.55
1096,100,54774,54680,5739.87,5153.83,5742.02
1097,100,54831,54736,5741.07,5154.54,5743.50
1098,100,54888,54793,5739.14,5153.56,5741.46
1099,100,54926,54831,5741.63,5154.79,5743.29
1100,100,54982,54888,5741.44,5154.94,5743.09
1101,100,55039,54944,5741.48,5154.94,5744.02
1102,100,55077,54982,5743.54,5156.23,5745.77
1103,100,55133,55039,5742.65,5155.49,5745.04
1104,100,55190,55096,5748.39,5159.59,5751.37
1105,100,55228,55133,5749.71,5159.84,5751.53
1106,100,55285,55190,5751.88,5161.60,5753.83
1107,100,55341,55247,5755.35,5163.73,5757.58
1108,100,55379,55285,5755.85,5164.48,5758.07
1109,100,55436,55341,5754.98,5163.67,5757.34
1110,100,55474,55379,5759.88,5166.82,5762.56
1111,100,55530,55436,5756.55,5164.38,5759.07
1112,100,55587,55493,5760.44,5167.30,5763.20
1113,100,55625,55530,5760.33,5166.82,5762.05
1114,100,55682,55587,5759.85,5167.08,5762.56
1115,100,55738,55644,5760.35,5167.43,5763.30
1116,100,55776,55682,5764.31,5169.75,5766.58
1117,100,55833,55738,5766.32,5170.47,5768.38
1118,100,55890,55795,5770.83,5173.94,5773.43
1119,100,55927,55833,5764.12,5169.60,5766.77
1120,100,55984,55890,5768.21,5172.15,5770.64
1121,100,56041,55946,5775.39,5176.08,5777.19
1122,100,56079,55984,5776.48,5177.60,5778.14
1123,100,56135,56041,5774.82,5176.51,5777.65
1124,100,56192,56098,5776.80,5177.71,5779.21
1125,100,56230,56135,5778.22,5178.50,5780.64
1126,100,56287,56192,5777.39,5177.74,5779.91
1127,100,56343,56249,5778.84,5178.55,5781.00
1128,100,56381,56287,5784.51,5182.50,5787.05
1129,100,56438,56343,5781.37,5180.48,5784.17
1130,100,56476,56381,5785.67,5183.40,5788.62
1131,100,56532,56438,5788.38,5185.15,5791.09
1132,100,56589,56495,5791.30,5186.67,5793.42
1133,100,56627,56532,5793.51,5188.53,5796.02
1134,100,56684,56589,5795.96,5190.04,5798.87
1135,100,56740,56703,5797.53,5190.91,5799.81
1136,100,56778,56703,5797.69,5191.13,5800.37
1137,100,56835,56740,5796.41,5189.95,5798.60
1138,100,56892,56797,5801.39,5193.17,5803.77
1139,100,56929,56835,5802.30,5194.04,5804.78
1140,100,56986,56892,5802.52,5194.37,5805.28
1141,100,57043,56948,5802.48,5193.71,5804.10
1142,100,57081,56986,5806.16,5196.01,5808.60
1143,100,57137,57043,5806.93,5196.48,5809.97
1144,100,57175,57081,5811.36,5199.70,5813.88
1145,100,57232,57137,5814.47,5201.89,5817.22
1146,100,57289,57194,5815.39,5202.24,5817.89
1147,100,57326,57232,5811.54,5199.93,5814.57
1148,100,57383,57289,5816.40,5202.36,5818.30
1149,100,57440,57345,5818.86,5204.88,5821.31
1150,100,57478,57383,5822.57,5206.88,5825.37
1151,100,57534,57440,5823.95,5207.59,5826.36
1152,100,57591,57496,5822.21,5206.52,5824.65
1153,100,57629,57534,5824.87,5208.36,5827.27
1154,100,57686,57591,5821.88,5205.80,5824.44
1155,100,57742,57648,5823.29,5207.41,5825.62
1156,100,57780,57686,5828.43,5210.62,5830.39
1157,100,57837,57742,5830.43,5212.19,5832.33
1158,100,57893,57799,5830.84,5211.87,5832.76
1159,100,57931,57837,5833.21,5213.62,5835.35
1160,100,57988,57893,5834.09,5214.25,5836.66
1161,100,58026,57931,5835.07,5215.04,5837.98
1162,100,58082,57988,5838.57,5216.97,5840.42
1163,100,58139,58045,5839.65,5217.67,5841.87
1164,100,58177,58082,5839.21,5217.67,5841.93
1165,100,58234,58139,5840.32,5218.07,5842.38
1166,100,58290,58196,5840.39,5218.26,5842.66
1167,100,58328,58234,5844.59,5220.88,5847.06
1168,100,58385,58290,5847.50,5222.67,5849.63
1169,100,58442,58347,5847.48,5223.27,5850.20
1170,100,58479,58385,5847.06,5222.46,5849.46
1171,100,58536,58442,5851.67,5225.26,5853.89
1172,100,58593,58498,5849.13,5223.95,5851.27
1173,100,58631,58536,5852.12,5225.34,5854.22
1174,100,58687,58593,5851.86,5225.59,5854.07
1175,100,58744,58650,5853.35,5226.74,5855.48
1176,100,58782,58687,5851.78,5225.70,5854.31
1177,100,58839,58744,5858.11,5229.58,5860.26
1178,100,58876,58782,5859.74,5230.49,5861.96
1179,100,58933,58839,5861.62,5231.96,5863.84
1180,100,58990,58895,5859.25,5230.37,5861.39
1181,100,59028,58933,5862.71,5232.19,5864.71
1182,100,59084,59066,5863.45,5232.66,5865.82
1183,100,59141,59066,5863.59,5232.97,5865.92
1184,100,59179,59084,5867.63,5235.57,5870.20
1185,100,59236,59141,5865.62,5234.65,5867.32
1186,100,59292,59198,5866.17,5235.12,5868.58
1187,100,59330,59236,5868.30,5236.44,5870.66
1188,100,59387,59292,5867.41,5236.00,5869.57
1189,100,59444,59349,5870.02,5237.18,5872.23
1190,100,59481,59387,5871.75,5238.83,5874.73
1191,100,59538,59444,5876.27,5241.52,5878.87
1192,100,59595,59500,5877.09,5242.04,5879.74
1193,100,59633,59538,5879.35,5243.00,5881.65
1194,100,59689,59595,5882.88,5245.65,5885.49
1195,100,59727,59633,5840.99,5219.36,5843.01
1196,100,59784,59689,5887.71,5248.27,5889.70
1197,100,59841,59746,5892.79,5252.12,5895.75
1198,100,59878,59784,5892.13,5251.65,5894.51
1199,100,59935,59841,5893.89,5252.81,5897.27
1200,100,59992,59897,5897.02,5254.35,5899.08
1201,100,60030,59935,5899.15,5255.97,5901.47
1202,100,60086,59992,5898.69,5256.11,5901.73
1203,100,60143,60049,5901.05,5257.07,5903.46
1204,100,60181,60086,5902.30,5257.76,5904.31
1205,100,60238,60143,5900.42,5256.73,5903.28
1206,100,60294,60200,5902.55,5258.23,5905.41
1207,100,60332,60238,5906.05,5260.21,5908.20
1208,100,60389,60294,5901.15,5257.10,5904.20
1209,100,60445,60351,5903.72,5258.45,5906.56
1210,100,60483,60389,5903.94,5258.66,5906.03
1211,100,60540,60445,5907.36,5260.86,5909.56
1212,100,60578,60483,5909.91,5262.86,5912.42
1213,100,60635,60540,5912.29,5264.56,5914.75
1214,100,60691,60597,5913.29,5264.80,5915.58
1215,100,60729,60635,5916.69,5267.09,5919.47
1216,100,60786,60691,5921.34,5270.37,5924.38
1217,100,60842,60748,5923.54,5271.57,5926.41
1218,100,60880,60786,5921.09,5269.89,5923.87
1219,100,60937,60842,5922.03,5270.15,5923.92
1220,100,60994,60899,5922.67,5271.26,5925.91
1221,100,61032,60937,5922.31,5270.85,5924.64
1222,100,61088,60994,5925.01,5272.31,5927.58
1223,100,61145,61050,5927.94,5274.25,5930.38
1224,100,61183,61088,5927.58,5274.30,5930.75
1225,100,61239,61145,5929.01,5275.65,5931.65
1226,100,61296,61202,5931.01,5276.32,5933.35
1227,100,61334,61239,5930.56,5276.23,5933.64
1228,100,61391,61296,5929.33,5275.37,5931.98
1229,100,61429,61429,5932.14,5277.18,5934.01
1230,100,61485,61429,5935.67,5279.27,5938.36
1231,100,61542,61447,5937.17,5280.45,5939.59
1232,100,61580,61485,5937.27,5280.39,5939.44
1233,100,61636,61542,5940.54,5282.42,5943.28
1234,100,61693,61599,5939.33,5281.94,5941.86
1235,100,61731,61636,5937.47,5280.42,5939.59
1236,100,61788,61693,5942.92,5284.64,5945.90
1237,100,61844,61750,5945.01,5285.32,5947.42
1238,100,61882,61788,5949.08,5287.96,5951.69
1239,100,61939,61844,5948.13,5287.65,5950.79
1240,100,61996,61901,5951.04,5289.17,5953.16
1241,100,62033,61939,5951.82,5289.67,5953.83
1242,100,62090,61996,5956.06,5292.14,5958.04
1243,100,62128,62033,5953.03,5290.46,5955.80
1244,100,62185,62090,5951.18,5289.20,5953.73
1245,100,62241,62147,5953.30,5291.05,5955.45
1246,100,62279,62185,5956.53,5292.78,5959.01
1247,100,62336,62241,5956.18,5293.02,5959.52
1248,100,62393,62298,5959.50,5294.71,5961.81
1249,100,62430,62336,5954.65,5292.05,5957.15
1250,100,62487,62393,5958.84,5294.60,5961.70
1251,100,62544,62449,5959.78,5294.56,5961.80
1252,100,62582,62487,5958.47,5293.98,5961.95
1253,100,62638,62544,5961.48,5295.65,5963.59
1254,100,62695,62601,5964.41,5298.17,5966.94
1255,100,62733,62638,5967.02,5298.96,5969.53
1256,100,62790,62695,5967.49,5299.53,5970.14
1257,100,62846,62752,5968.15,5300.56,5971.01
1258,100,62884,62790,5969.19,5300.93,5971.37
1259,100,62941,62846,5968.90,5300.90,5971.46
1260,100,62979,62884,5980.69,5308.05,5982.97
1261,100,63035,62941,5980.76,5308.31,5983.56
1262,100,63092,62998,5983.30,5309.95,5985.59
1263,100,63130,63035,5982.97,5309.70,5985.95
1264,100,63187,63092,5987.92,5312.67,5990.58
1265,100,63243,63149,5986.27,5311.81,5988.66
1266,100,63281,63187,5979.48,5307.91,5981.96
1267,100,63338,63243,5984.24,5310.63,5986.72
1268,100,63395,63300,5987.08,5312.27,5989.06
1269,100,63432,63338,5988.36,5313.15,5991.11
1270,100,63489,63395,5989.20,5313.85,5992.07
1271,100,63546,63451,5987.89,5313.16,5990.28
1272,100,63584,63489,5992.94,5315.91,5995.27
1273,100,63640,63546,5998.66,5319.47,6001.31
1274,100,63697,63602,5998.39,5319.22,6000.55
1275,100,63735,63640,5995.67,5318.16,5998.10
1276,100,63792,63792,5993.46,5316.36,5995.74
1277,100,63829,63792,5996.90,5318.91,5999.31
1278,100,63886,63792,5998.21,5320.11,6001.19
1279,100,63943,63848,6002.47,5322.02,6005.44
1280,100,63981,63886,6007.86,5325.35,6009.65
1281,100,64037,63943,6005.08,5323.62,6007.41
1282,100,64094,63999,6011.82,5328.51,6014.62
1283,100,64132,64037,6014.49,5329.61,6016.84
1284,100,64188,64094,6015.26,5330.59,6017.99
1285,100,64245,64151,6016.02,5330.68,6018.63
1286,100,64283,64188,5975.17,5305.11,5977.52
1287,100,64340,64245,6018.32,5332.31,6021.22
1288,100,64396,64302,6021.37,5334.37,6023.98
1289,100,64434,64340,6023.70,5335.59,6025.76
1290,100,64491,64396,6023.43,5335.64,6025.79
1291,100,64548,64453,6017.83,5332.44,6021.07
1292,100,64585,64491,6013.93,5329.84,6016.61
1293,100,64642,64548,6018.35,5332.46,6021.28
1294,100,64680,64585,6020.00,5333.76,6022.78
1295,100,64737,64642,6025.53,5337.35,6028.10
1296,100,64793,64699,6030.44,5340.22,6033.04
1297,100,64831,64737,6030.22,5339.96,6032.90
1298,100,64888,64793,6031.36,5340.73,6034.11
1299,100,64945,64850,6032.06,5341.26,6034.80
1300,100,64982,64888,6035.45,5342.97,6038.19
1301,100,65039,64945,6039.49,5345.92,6042.00
1302,100,65096,65001,6038.98,5345.30,6041.47
1303,100,65134,65039,6042.56,5347.95,6044.61
1304,100,65190,65096,6048.00,5351.40,6051.19
1305,100,65247,65153,6047.95,5351.35,6050.62
1306,100,65285,65190,6048.37,5352.12,6051.35
1307,100,65342,65247,6052.10,5353.93,6054.82
1308,100,65398,65304,6051.02,5353.33,6053.80
1309,100,65436,65342,6051.82,5353.54,6054.22
1310,100,65493,65398,6052.61,5354.28,6055.22
1311,100,65531,65436,6052.34,5354.52,6055.04
1312,100,65587,65493,6056.18,5356.62,6058.53
1313,100,65644,65550,6058.72,5358.34,6061.44
1314,100,65682,65587,6059.67,5359.03,6062.56
1315,100,65739,65644,6069.49,5364.79,6071.73
1316,100,65795,65701,6040.79,5347.03,6043.67
1317,100,65833,65739,6042.61,5348.37,6045.10
1318,100,65890,65795,6044.97,5349.70,6047.88
1319,100,65947,65852,6045.08,5349.66,6047.06
1320,100,65984,65890,6038.56,5345.60,6041.01
